-- phpMyAdmin SQL Dump
-- version 5.2.1
-- https://www.phpmyadmin.net/
--
-- Host: 127.0.0.1
-- Generation Time: Aug 04, 2023 at 06:10 AM
-- Server version: 10.4.28-MariaDB
-- PHP Version: 8.1.17

SET SQL_MODE = "NO_AUTO_VALUE_ON_ZERO";
START TRANSACTION;
SET time_zone = "+00:00";


/*!40101 SET @OLD_CHARACTER_SET_CLIENT=@@CHARACTER_SET_CLIENT */;
/*!40101 SET @OLD_CHARACTER_SET_RESULTS=@@CHARACTER_SET_RESULTS */;
/*!40101 SET @OLD_COLLATION_CONNECTION=@@COLLATION_CONNECTION */;
/*!40101 SET NAMES utf8mb4 */;

--
-- Database: `neplore`
--

-- --------------------------------------------------------

--
-- Table structure for table `blog`
--

CREATE TABLE `blog` (
  `Blog_ID` int(11) NOT NULL,
  `Author` varchar(50) NOT NULL,
  `Image` blob NOT NULL,
  `Content` longtext NOT NULL,
  `User_ID` int(11) NOT NULL,
  `added_date` date DEFAULT curdate(),
  `Available` varchar(20) DEFAULT NULL,
  `Title` varchar(50) NOT NULL
) ENGINE=InnoDB DEFAULT CHARSET=utf8mb4 COLLATE=utf8mb4_general_ci;

--
-- Dumping data for table `blog`
--

INSERT INTO `blog` (`Blog_ID`, `Author`, `Image`, `Content`, `User_ID`, `added_date`, `Available`, `Title`) VALUES
(1, 'hello', 0xffd8ffe000104a46494600010100025802580000ffe10002ffdb008400030202020202030202020303030304060404040404080606050609080a0a090809090a0c0f0c0a0b0e0b09090d110d0e0f101011100a0c12131210130f1010100103030304030408040408100b090b1010101010101010101010101010101010101010101010101010101010101010101010101010101010101010101010101010ffc20011080780078003011100021101031101ffc400330001000202030101010000000000000000000809060701040503020a010101010100000000000000000000000000020103ffda000c03010002100310000000b53000000000000000000000000000000000000000000000000000000000000000000000000000000000000000000000000000000000000000000000000000000000000000000000000000000000000000000000000000000000000000000000000000000000000000000000000000000000000000000000000000000000000000000000000000000000000000000000000000000000000000000000000000000000000000000000000000000000000000000000000000000000000000000000000000000000000000000000000000000000000000000000000000000000000000000000000000000000000000000000000000000000000000000000000000000000000000000000000000000000000000000000000000000000000000000000000000000000000000000000000000000000000000000000000000000000000000000000000000000000000000000000000000000000000000000000000000000000000000000000000000000000000000000000000000000000000000000000000000000000000000000000000000000000000000000000000000000000000000000000000000000000000000000000000000000000000000000000000000000000000000000000000000000000000000000000000000000000000000000000000000000000000000000000000000000000000000000000000000000000000000000000000000000000000000000000000000000000000000000000000000000000000000000000000000000000000000000000000000000000000000000000000000000000000000000000000000000000000000000000000000000000000000000000000000000000000000000000000000000000000000000000000000000000000000000000000000000000000000000000000000000000000000000000000000000000000000000000000000000000000000000000000000000000000000000000000000000000000000000000000000000000000000000000000000000000000000000000000000000000000000000000000000000000000000000000000000000000000000000000000000000000000000000000000000000000000000000000000000000000000000000000000000000000000000000000000000000000000000000000000000000000000000000000000000000000000000000000000000000000000000000000000000000000000000000000000000000000000000000000000000000000000000000000000000000000000000000000000000000000000000000000000000000000000000000000000000000000000000000000000000000000000000000000000000000000000000000000000000000000000000000000000000000000000000000000000000000000000000000000000000000000000000000000000000000000000000000000000000000000000000000000000000000000000000000000000000000000000000000000000000000000000000000000000000000000000000000000000000000000000000000000000000000000000000000000000000000000000000000000000000000000000000000000000000000000000000000000000000000000000000000000000000000000000000000000000000000000000000000000000000000000000000000000000000000000000000000000000000000000000000000000000000000000000000000000000000000000000000000000000000000000000000000000000000000000000000000000000000000000000000000000000000000000000000000000000000000000000000000000000000000000000000000000000000000000000000000000000000000000000000000000000000000000000000000000000000000000000000000000000000000000000000000000000000000000000000000000000000000000000000000000000000000000000000000000000000000000000000000000000000000000000000000000000000000000000000000000000000000000000000000000000000000000000000000000000000000000000000000000000000000000000000000000000000000000000000000000000000000000000000000000000000000000000000000000000000000000000000000000000000000000000000000000000000000000000000000000000000000000000000000000000000000000000000000000000000000000000000000000000000000000000000000000000000000000000000000000000000000000000000000000000000000000000000000000000000000000000000000000000000000000000000000000000000000000000000000000000000000000000000000000000000000000000000000000000000000000000000000000000000000000000000000000000000000000000000000000000000000000000000000000000000000000000000000000000000000000000000000000000000000000000000000000000000000000000000000000000000000000000000000000000000000000000000000000000000000000000000000000000000000000000000000000000000000000000000000000000000000000000000000000000000000000000000000000000000000000000000000000000000000000000000000000000000000000000000000000000000000000000000000000000000000000000000000000000000000000000000000000000000000000000000000000000000000000000000000000000000000000000000000000000000000000000000000000000000000000000000000000000000000000000000000000000000000000000000000000000000000000000000000000000000000000000000000000000000000000000000000000000000000000000000000000000000000000000000000000000000000000000000000000000000000000000000000000000000000000000000000000000000000000000000000000000000000000000000000000000000000000000000000000000000000000000000000000000000000000000000000000000000000000000000000000000000000000000000000000000000000000000000000000000000000000000000000000000000000000000000000000000000000000000000000000000000000000000000000000000000000000000000000000000000000000000000000000000000000000000000000000000000000000000000000000000000000000000000000000000000000000000000000000000000000000000000000000000000000000000000000000000000000000000000000000000000000000000000000000000000000000000000000000000000000000000000000000000000000000000000000000000000000000000000000000000000000000000000000000000000000000000000000000000000000000000000000000000000000000000000000000000000000000000000000000000000000000000000000000000000000000000000000000000000000000000000000000000000000000000000000000000000000000000000000000000000000000000000000000000000000000000000000000000000000000000000000000000000000000000000000000000000000000000000000000000000383e27e01fb3ec72000000000000000000000000000000000000000000000000000000000000000000000000000000000000000000000000000000000000000000000000000000000000000000000000000000000000000000000000018b334d566a2356ee6badcc10c47731d3cd3ae0ec1e919119766e766c5cdda59bb74dcb3b94b40000000000000000000000000000000000000000000000000000000000000000000000000000000000000000000000000000000000000000000000000000000000000000000000000000000000000000187b234d646fdc8fbb3ab75f300000000000007d0da5890595243364b4ee60d000000000000000000000000000000000000000000000000000000000000000000000000000000000000000000000000000000000000000000000000000000000000000000000000000000000000c21910eb224d4e81dcf800000000000000000003ee6fdcd96f352f33737cd00000000000000000000000000000000000000000000000000000000000000000000000000000000000000000000000000000000000000000000000000000000000000000000000000000003ae465d983b7317f73aa000000000000000000000003b44a0cd9c51526b2bb00000000000000000000000000000000000000000000000000000000000000000000000000000000000000000000000000000000000000000000000000000000000000000000000000000f3c8695300ea354680000000000000000000000000006d7c4fc9b99735e800000000000000000000000000000000000000000000000000000000000000000000000000000000000000000000000000000000000000000000000000000000000000000000000003aa434a9aecb8d720000000000000000000000000000000d8c589c5ccb9aed00000000000000000000000000000000000000000000000000000000000000000000000000000000000000000000000000000000000000000000000000000000000000000000000472dcac6be7a5f400000000000000000000000000000000037462ce63a48dcd00000000000000000000000000000000000000000000000000000000000000000000000000000000000000000000000000000000000000000000000000000000000000000000626caccb986753f8000000000000000000000000000000000001fb2664d599c5658d0000000000000000000000000000000000000000000000000000000000000000000000000000000000000000000000000000000000000000000000000000000000000000008b5b355bd23080000000000000000000000000000000000000019b96a5cee52e50000000000000000000000000000000000000000000000000000000000000000000000000000000000000000000000000000000000000000000000000000000000000000f3cad5b881d53f800000000000000000000000000000000000000007ec9e33565517e80000000000000000000000000000000000000000000000000000000000000000000000000000000000000000000000000000000000000000000000000000000000000060aca8ce911fb70000000000000000000000000000000000000000000481cdb73e779d340000000000000000000000000000000000000000000000000000000000000000000000000000000000000000000000000000000000000000000000000000000000034aee53df4e7afc000000000000000000000000000000000000000000006c02e139f4dd59a000000000000000000000000000000000000000000000000000000000000000000000000000000000000000000000000000000000000000000000000000000000046ed9a82e918f80000000000000000000000000000000000000000000003202df79dc91ca0000000000000000000000000000000000000000000000000000000000000000000000000000000000000000000000000000000000000000000000000000000008b7b3511d23cc000000000000000000000000000000000000000000000001e996efcee52650000000000000000000000000000000000000000000000000000000000000000000000000000000000000000000000000000000000000000000000000000000117b66a0ba479e0000000000000000000000000000000000000000000000000f40b7de77287280000000000000000000000000000000000000000000000000000000000000000000000000000000000000000000000000000000000000000000000000000023c6e53774e7e4800000000000000000000000000000000000000000000000000f58b91e7d243e680000000000000000000000000000000000000000000000000000000000000000000000000000000000000000000000000000000000000000000000000001a9372953a73c5c0000000000000000000000000000000000000000000000000001941757cfa6dbcd000000000000000000000000000000000000000000000000000000000000000000000000000000000000000000000000000000000000000000000000000c519499d79eaf000000000000000000000000000000000000000000000000000001b40bb3e5d32b680000000000000000000000000000000000000000000000000000000000000000000000000000000000000000000000000000000000000000000000001d529e7a738c3b800000000000000000000000000000000000000000000000000000024f66dc373e9da00000000000000000000000000000000000000000000000000000000000000000000000000000000000000000000000000000000000000000000000005795c56f54800000000000000000000000000000000000000000000000000000002c866ac362c00000000000000000000000000000000000000000000000000000000000000000000000000000000000000000000000000000000000000000000000343ee529f4e7d5000000000000000000000000000000000000000000000000000000001da2eb39f4df19a000000000000000000000000000000000000000000000000000000000000000000000000000000000000000000000000000000000000000000000079452074e5a97400000000000000000000000000000000000000000000000000000000036d62eff009f5f5400000000000000000000000000000000000000000000000000000000000000000000000000000000000000000000000000000000000000000000015c1715e15200000000000000000000000000000000000000000000000000000000000b0f9ab1f8b000000000000000000000000000000000000000000000000000000000000000000000000000000000000000000000000000000000000000000000d57b946bd39f9e000000000000000000000000000000000000000000000000000000000003d02f2b9f4da99a00000000000000000000000000000000000000000000000000000000000000000000000000000000000000000000000000000000000000000000a7ee9ce296e000000000000000000000000000000000000000000000000000000000000095b9b703cfa000000000000000000000000000000000000000000000000000000000000000000000000000000000000000000000000000000000000000000011eb7295fa73e00000000000000000000000000000000000000000000000000000000000001c9751cfa485cd000000000000000000000000000000000000000000000000000000000000000000000000000000000000000000000000000000000000000000e0a63e9ce376e00000000000000000000000000000000000000000000000000000000000000248e6dce73e9c8000000000000000000000000000000000000000000000000000000000000000000000000000000000000000000000000000000000000000008fdb94a7d39f000000000000000000000000000000000000000000000000000000000000000392eb39f49039a00000000000000000000000000000000000000000000000000000000000000000000000000000000000000000000000000000000000000000a83e9ce26ee00000000000000000000000000000000000000000000000000000000000000009659b6f9cfa00000000000000000000000000000000000000000000000000000000000000000000000000000000000000000000000000000000000000001ae9943dd79f5c0000000000000000000000000000000000000000000000000000000000000001d82f87974d8ad00000000000000000000000000000000000000000000000000000000000000000000000000000000000000000000000000000000000000015cb715d75200000000000000000000000000000000000000000000000000000000000000000b149ab1a8b000000000000000000000000000000000000000000000000000000000000000000000000000000000000000000000000000000000000000f81441d796b7000000000000000000000000000000000000000000000000000000000000000001b20bdfe5d7ee0000000000000000000000000000000000000000000000000000000000000000000000000000000000000000000000000000000000000023fee528f4e60000000000000000000000000000000000000000000000000000000000000000002ebb9f49019a00000000000000000000000000000000000000000000000000000000000000000000000000000000000000000000000000000000000000accb88095200000000000000000000000000000000000000000000000000000000000000000027dcd599c580000000000000000000000000000000000000000000000000000000000000000000000000000000000000000000000000000000000001c144fd796aa00000000000000000000000000000000000000000000000000000000000000000006d52f63975e40000000000000000000000000000000000000000000000000000000000000000000000000000000000000000000000000000000000001adf7286ba73e00000000000000000000000000000000000000000000000000000000000000000001c97cbcfa6c8cd00000000000000000000000000000000000000000000000000000000000000000000000000000000000000000000000000000000000010b2a6a92e0000000000000000000000000000000000000000000000000000000000000000000016b71734e68000000000000000000000000000000000000000000000000000000000000000000000000000000000000000000000000000000000000556df384758000000000000000000000000000000000000000000000000000000000000000000009b93b6a51d000000000000000000000000000000000000000000000000000000000000000000000000000000000000000000000000000000000000051df4e7a577000000000000000000000000000000000000000000000000000000000000000000001bab36f139f4000000000000000000000000000000000000000000000000000000000000000000000000000000000000000000000000000000000000e89fcf7f5e5e7800000000000000000000000000000000000000000000000000000000000000000000f40fe843975ef000000000000000000000000000000000000000000000000000000000000000000000000000000000000000000000000000000000000d4fb9453d398000000000000000000000000000000000000000000000000000000000000000000000bd6e7d36c668000000000000000000000000000000000000000000000000000000000000000000000000000000000000000000000000000000000022c54d3c5c0000000000000000000000000000000000000000000000000000000000000000000000b878b94f340000000000000000000000000000000000000000000000000000000000000000000000000000000000000000000000000000000000082f53573700000000000000000000000000000000000000000000000000000000000000000000002d1a2e744d000000000000000000000000000000000000000000000000000000000000000000000000000000000000000000000000000000000002b86e2bbea40000000000000000000000000000000000000000000000000000000000000000000005884d58f45800000000000000000000000000000000000000000000000000000000000000000000000000000000000000000000000000000000002adaf9c1aac000000000000000000000000000000000000000000000000000000000000000000000139676d263a000000000000000000000000000000000000000000000000000000000000000000000000000000000000000000000000000000000002a5ef9c39ac000000000000000000000000000000000000000000000000000000000000000000000131a76da23a000000000000000000000000000000000000000000000000000000000000000000000000000000000000000000000000000000000002a0fa7389bb800000000000000000000000000000000000000000000000000000000000000000000025966dbe73e800000000000000000000000000000000000000000000000000000000000000000000000000000000000000000000000000000000000a79e9ce2bee00000000000000000000000000000000000000000000000000000000000000000000009519b70dcfa0000000000000000000000000000000000000000000000000000000000000000000000000000000000000000000000000000000000029ff00a738a3b800000000000000000000000000000000000000000000000000000000000000000000025766dc073e800000000000000000000000000000000000000000000000000000000000000000000000000000000000000000000000000000000000a8fe9ce20ee000000000000000000000000000000000000000000000000000000000000000000000097d9b6e1cfa000000000000000000000000000000000000000000000000000000000000000000000000000000000000000000000000000000000002aa6e213d480000000000000000000000000000000000000000000000000000000000000000000009b1356ad1600000000000000000000000000000000000000000000000000000000000000000000000000000000000000000000000000000000000aceb88055200000000000000000000000000000000000000000000000000000000000000000000027ecd598c580000000000000000000000000000000000000000000000000000000000000000000000000000000000000000000000000000000000200545685c8000000000000000000000000000000000000000000000000000000000000000000000b2f8a9ff00360000000000000000000000000000000000000000000000000000000000000000000000000000000000000000000000000000000000087d53525700000000000000000000000000000000000000000000000000000000000000000000002db62e60cd00000000000000000000000000000000000000000000000000000000000000000000000000000000000000000000000000000000000343ecd24f48000000000000000000000000000000000000000000000000000000000000000000000176dcef7c650000000000000000000000000000000000000000000000000000000000000000000000000000000000000000000000000000000000031a67f3f3d79fe0000000000000000000000000000000000000000000000000000000000000000000007ecfe81b974c95a000000000000000000000000000000000000000000000000000000000000000000000000000000000000000000000000000000000001427d796bd000000000000000000000000000000000000000000000000000000000000000000001b08bece5d4000000000000000000000000000000000000000000000000000000000000000000000000000000000000000000000000000000000000540f4e713f70000000000000000000000000000000000000000000000000000000000000000000012c336dfb9f400000000000000000000000000000000000000000000000000000000000000000000000000000000000000000000000000000000000015f5715ad5200000000000000000000000000000000000000000000000000000000000000000000b299ab058b0000000000000000000000000000000000000000000000000000000000000000000000000000000000000000000000000000000000001a0b6693ba4000000000000000000000000000000000000000000000000000000000000000000002ec79defdca0000000000000000000000000000000000000000000000000000000000000000000000000000000000000000000000000000000000001d22807af2c7000000000000000000000000000000000000000000000000000000000000000000019197fdcbaf7400000000000000000000000000000000000000000000000000000000000000000000000000000000000000000000000000000000000002a33a73889b800000000000000000000000000000000000000000000000000000000000000000025de6db9f3e8000000000000000000000000000000000000000000000000000000000000000000000000000000000000000000000000000000000000008755352d700000000000000000000000000000000000000000000000000000000000000000002da62e62cd0000000000000000000000000000000000000000000000000000000000000000000000000000000000000000000000000000000000000031f2823af2f20000000000000000000000000000000000000000000000000000000000000000007ae5fbf2eb90000000000000000000000000000000000000000000000000000000000000000000000000000000000000000000000000000000000000000152b7ce1dd6000000000000000000000000000000000000000000000000000000000000000002624edb547400000000000000000000000000000000000000000000000000000000000000000000000000000000000000000000000000000000000000011b366993a4000000000000000000000000000000000000000000000000000000000000000002e6f9dc93ca0000000000000000000000000000000000000000000000000000000000000000000000000000000000000000000000000000000000000001f128cba72d49a0000000000000000000000000000000000000000000000000000000000000001b6f1799cfafdc000000000000000000000000000000000000000000000000000000000000000000000000000000000000000000000000000000000000000020f54d595c0000000000000000000000000000000000000000000000000000000000000000b4d8b9c33400000000000000000000000000000000000000000000000000000000000000000000000000000000000000000000000000000000000000000f2ca1febcb050000000000000000000000000000000000000000000000000000000000000019d17c1cbafa800000000000000000000000000000000000000000000000000000000000000000000000000000000000000000000000000000000000000000040ea8ac2b90000000000000000000000000000000000000000000000000000000000000059ec54f19b0000000000000000000000000000000000000000000000000000000000000000000000000000000000000000000000000000000000000000001e69459d796b600000000000000000000000000000000000000000000000000000000000006c92f4f975f480000000000000000000000000000000000000000000000000000000000000000000000000000000000000000000000000000000000000000000220d4d47dc0000000000000000000000000000000000000000000000000000000000000b708b97d3400000000000000000000000000000000000000000000000000000000000000000000000000000000000000000000000000000000000000000000f914d1d39c6ddc00000000000000000000000000000000000000000000000000000000000492cdb97e7d3ea0000000000000000000000000000000000000000000000000000000000000000000000000000000000000000000000000000000000000000000006a8dca3ce9cfcb00000000000000000000000000000000000000000000000000000000007a85e1f3e9b5f3400000000000000000000000000000000000000000000000000000000000000000000000000000000000000000000000000000000000000000000008035159f720000000000000000000000000000000000000000000000000000000002cc22a7f4d800000000000000000000000000000000000000000000000000000000000000000000000000000000000000000000000000000000000000000000003a8535f4e71c3700000000000000000000000000000000000000000000000000000000124336e4f9f4ed8000000000000000000000000000000000000000000000000000000000000000000000000000000000000000000000000000000000000000000000001816e52074e78680000000000000000000000000000000000000000000000000000003322eff009f4cf73400000000000000000000000000000000000000000000000000000000000000000000000000000000000000000000000000000000000000000000000008dfb34d9d23a8000000000000000000000000000000000000000000000000000003b65c9f3b92194000000000000000000000000000000000000000000000000000000000000000000000000000000000000000000000000000000000000000000000000001062a6ae6e380000000000000000000000000000000000000000000000000000725a345ce79a00000000000000000000000000000000000000000000000000000000000000000000000000000000000000000000000000000000000000000000000000002b46e2bfea40000000000000000000000000000000000000000000000000005804d59745800000000000000000000000000000000000000000000000000000000000000000000000000000000000000000000000000000000000000000000000000003ae558dc427a9000000000000000000000000000000000000000000000000004d89ab4e8bec0000000000000000000000000000000000000000000000000000000000000000000000000000000000000000000000000000000000000000000000000000001d42aa6e21954800000000000000000000000000000000000000000000000099b356ad17db00000000000000000000000000000000000000000000000000000000000000000000000000000000000000000000000000000000000000000000000000000000ea157b7107aa4000000000000000000000000000000000000000000000013866ad0a2fb60000000000000000000000000000000000000000000000000000000000000000000000000000000000000000000000000000000000000000000000000000000007c4aebb8aeda9fc800000000000000000000000000000000000000000000fd16253562917f60000000000000000000000000000000000000000000000000000000000000000000000000000000000000000000000000000000000000000000000000000000000010caa6ac6e3cc00000000000000000000000000000000000000000007a65a745ccd9a00000000000000000000000000000000000000000000000000000000000000000000000000000000000000000000000000000000000000000000000000000000000003456e54774e7adc000000000000000000000000000000000000000006c82dc79f4deb9a0000000000000000000000000000000000000000000000000000000000000000000000000000000000000000000000000000000000000000000000000000000000000018bb2ad3a4444dc00000000000000000000000000000000000000012ef36d2f9de50d00000000000000000000000000000000000000000000000000000000000000000000000000000000000000000000000000000000000000000000000000000000000000003f243aa9ac4b8c4c0000000000000000000000000000000000001961677173166bf40000000000000000000000000000000000000000000000000000000000000000000000000000000000000000000000000000000000000000000000000000000000000000000c3595af730bea7e60000000000000000000000000000000000fa13426aca22b3268000000000000000000000000000000000000000000000000000000000000000000000000000000000000000000000000000000000000000000000000000000000000000000000d0fb95a7711d7700000000000000000000000000000000122b36cb22f7c668000000000000000000000000000000000000000000000000000000000000000000000000000000000000000000000000000000000000000000000000000000000000000000000007e08cbb35e1731fb738000000000000000000000000000072481cdb0f8a93595fb000000000000000000000000000000000000000000000000000000000000000000000000000000000000000000000000000000000000000000000000000000000000000000000000001f923eee410b88a3b9d2000000000000000000000000077495d9b3be2e4166fe8000000000000000000000000000000000000000000000000000000000000000000000000000000000000000000000000000000000000000000000000000000000000000000000000000000c2190e2a61d56695dce000000000000000000000726eacd98b3b31e6b37680000000000000000000000000000000000000000000000000000000000000000000000000000000000000000000000000000000000000000000000000000000000000000000000000000000001ab7722bee463a98fbb9e480000000000000003d624166c9c9a9519bb4b34000000000000000000000000000000000000000000000000000000000000000000000000000000000000000000000000000000000000000000000000000000000000000000000000000000000000003cd3496ce89dcd2db9a875abf731e380000000726426d0cddbd8dd39bbdb3776e57a40000000000000000000000000000000000000000000000000000000000000000000000000000000000000000000000000000000000000000000000000000000000000000000000000000000000000000000007ccc699836b11dcc74f20e903ba7ae64465d9b9ce3256fd0000000000000000000000000000000000000000000000000000000000000000000000000000000000000000000000000000000000000000000000000000000000000000000000000000000000000000000000000000000000000000000000000000000000000000000000000000000000000000000000000000000000000000000000000000000000000000000000000000000000000000000000000000000000000000000000000000000000000000000000000000000000000000000000000000000000000000000000000000000000000000000000000000000000000000000000000000000000000000000000000000000000000000000000000000000000000000000000000000000000000000000000000000000000000000000000000000000000000000000000000000000000000000000000000000000000000000000000000000000000000000000000000000000000000000000000000000000000000000000000000000000000000000000000000000000000000000000000000000000000000000000000000000000000000000000000000000000000000000000000000000000000000000000000000000000007e0d19b90a2a635d4cca9a9d11797800000000000000000000000000000000031020bdc435a991f353526b7de6fec0000000000000000000000000000000000000000000000000000000000000000000000000000000000000000000000000000000000000000000000000000000000000079443ea982d53a4773800f5498d3538a6b7866f20000000000000000000000000000038347ee41da987353e5000dcf89c9373226bdb0000000000000000000000000000000000000000000000000000000000000000000000000000000000000000000000000000000000000000000000000000000000018b9062e20954e1a000003937666ccc9a9733b9e340000000000000000000000000181b22356433a9d27b9c000000ca89cd353ba2b306800000000000000000000000000000000000000000000000000000000000000000000000000000000000000000000000000000000000000000000000000000003176407b9825538f0000000001f637ee6caa9d93b95b7f37ea000000000000000000003e46a0dc8c5b3156b3416e7c4000000000f649cb353fa2f32000000000000000000000000000000000000000000000000000000000000000000000000000000000000000000000000000000000000000000000000000001e41046a2bf2e71900000000000000ce090f3bbf7377b66ee3caf640000000000000078c69cd9d13b9a0b723c5660e00000000000001ee93f26a7b45fbe000000000000000000000000000000000000000000000000000000000000000000000000000000000000000000000000000000000000000000000000003e4447a9ad4b8d72000000000000000000764d946d7cdd999bb0f373b32f326cdf70f5f37b40ea9e46e786633b9881821af37359ee6a8dcd6a758000000000000000000cecb268b98d35f7000000000000000000000000000000000000000000000000000000000000000000000000000000000000000000000000000000000000000000000000353ee55edc46bdc0000000000000000000000000070720e0e400000000000000000000000000487cdb478bdc19a0000000000000000000000000000000000000000000000000000000000000000000000000000000000000000000000000000000000000000000003a4400b8aefa9f340000000000000000000000000000000000000000000000000000000001de2c2a6ac1a2fd000000000000000000000000000000000000000000000000000000000000000000000000000000000000000000000000000000000000000000000d43b954571a33700000000000000000000000000000000000000000000000000000000000006ebcdb628bdc39a00000000000000000000000000000000000000000000000000000000000000000000000000000000000000000000000000000000000000000f9107aa6b32e3ca000000000000000000000000000000000000000000000000000000000000001e996611739a6bea000000000000000000000000000000000000000000000000000000000000000000000000000000000000000000000000000000000000000636557f4e711770000000000000000000000000000000000000000000000000000000000000000012db36d579f4c8c00000000000000000000000000000000000000000000000000000000000000000000000000000000000000000000000000000000000003506e5435f3d53a0000000000000000000000000000000000000000000000000000000000000000001b5f16f31d36f66800000000000000000000000000000000000000000000000000000000000000000000000000000000000000000000000000000000000456a9a99b8f00000000000000000000000000000000000000000000000000000000000000000000006425b4c5ca49a0000000000000000000000000000000000000000000000000000000000000000000000000000000000000000000000000000000001c1032a2b32e7e00000000000000000000000000000000000000000000000000000000000000000000000ec1677173ae6800000000000000000000000000000000000000000000000000000000000000000000000000000000000000000000000000000001d72b52e202d4f000000000000000000000000000000000000000000000000000000000000000000000000392c1a6ac862fec000000000000000000000000000000000000000000000000000000000000000000000000000000000000000000000000000000748ab0b885b52000000000000000000000000000000000000000000000000000000000000000000000000009bb3568d17db00000000000000000000000000000000000000000000000000000000000000000000000000000000000000000000000000000e895377ce21d60000000000000000000000000000000000000000000000000000000000000000000000000000993356b117dd0000000000000000000000000000000000000000000000000000000000000000000000000000000000000000000000000003a454bf4e711b700000000000000000000000000000000000000000000000000000000000000000000000000000131676d763a77000000000000000000000000000000000000000000000000000000000000000000000000000000000000000000000000003aa551df386f5800000000000000000000000000000000000000000000000000000000000000000000000000000026acd5a8c5f60000000000000000000000000000000000000000000000000000000000000000000000000000000000000000000000000fc157f71052a4000000000000000000000000000000000000000000000000000000000000000000000000000000013de6acd62ff004000000000000000000000000000000000000000000000000000000000000000000000000000000000000000000000002bdaa2b6ae4000000000000000000000000000000000000000000000000000000000000000000000000000000000597c54ff009b000000000000000000000000000000000000000000000000000000000000000000000000000000000000000000000021f54d4adc7e00000000000000000000000000000000000000000000000000000000000000000000000000000000001f52dc22e5ccd000000000000000000000000000000000000000000000000000000000000000000000000000000000000000000000688dca5ce9cfcb000000000000000000000000000000000000000000000000000000000000000000000000000000000001eb974fcfa6f0cd000000000000000000000000000000000000000000000000000000000000000000000000000000000000000000030b6522f5e7afc0000000000000000000000000000000000000000000000000000000000000000000000000000000000001b0cbb8e5d3336800000000000000000000000000000000000000000000000000000000000000000000000000000000000000000750a6fe9ce366e0000000000000000000000000000000000000000000000000000000000000000000000000000000000000024ce6dc573e9db0000000000000000000000000000000000000000000000000000000000000000000000000000000000000000015d3715cf520000000000000000000000000000000000000000000000000000000000000000000000000000000000000002c766ac462c00000000000000000000000000000000000000000000000000000000000000000000000000000000000000008f5b94bdd39f5c0000000000000000000000000000000000000000000000000000000000000000000000000000000000000001d92e8f9f49059a000000000000000000000000000000000000000000000000000000000000000000000000000000000000001e01477d796b4000000000000000000000000000000000000000000000000000000000000000000000000000000000000000001b38bc2e5d7de00000000000000000000000000000000000000000000000000000000000000000000000000000000000000156b7106ea40000000000000000000000000000000000000000000000000000000000000000000000000000000000000000004e99ab458b000000000000000000000000000000000000000000000000000000000000000000000000000000000000023a6cd30748f980000000000000000000000000000000000000000000000000000000000000000000000000000000000000000003e85d173e922334000000000000000000000000000000000000000000000000000000000000000000000000000000000003ce28f3a72d4ba000000000000000000000000000000000000000000000000000000000000000000000000000000000000000000006ddc5e073ebe8800000000000000000000000000000000000000000000000000000000000000000000000000000000000af8a8ad8b9000000000000000000000000000000000000000000000000000000000000000000000000000000000000000000000165715607360000000000000000000000000000000000000000000000000000000000000000000000000000000000609b9451d39f860000000000000000000000000000000000000000000000000000000000000000000000000000000000000000000000f74bd7e5d33a68000000000000000000000000000000000000000000000000000000000000000000000000000000000aa8b885152000000000000000000000000000000000000000000000000000000000000000000000000000000000000000000000009b7356a716000000000000000000000000000000000000000000000000000000000000000000000000000000001a7b728eba73eb800000000000000000000000000000000000000000000000000000000000000000000000000000000000000000000000ec1793cfa6ddcd00000000000000000000000000000000000000000000000000000000000000000000000000000000542f4e712f700000000000000000000000000000000000000000000000000000000000000000000000000000000000000000000000004b7cdb77e7d00000000000000000000000000000000000000000000000000000000000000000000000000000000d2bb947fd39fcc0000000000000000000000000000000000000000000000000000000000000000000000000000000000000000000000001f42f0b9f4dd19a0000000000000000000000000000000000000000000000000000000000000000000000000000002a37a73887b80000000000000000000000000000000000000000000000000000000000000000000000000000000000000000000000000097d3b6e11d000000000000000000000000000000000000000000000000000000000000000000000000000000356ee51574e7f0000000000000000000000000000000000000000000000000000000000000000000000000000000000000000000000000001d82f5b9f4da19a00000000000000000000000000000000000000000000000000000000000000000000000000000abcb882952000000000000000000000000000000000000000000000000000000000000000000000000000000000000000000000000000277cd59fc5800000000000000000000000000000000000000000000000000000000000000000000000000018e1423d797840000000000000000000000000000000000000000000000000000000000000000000000000000000000000000000000000000f7cbeee5d7210000000000000000000000000000000000000000000000000000000000000000000000000000415a9abbb8000000000000000000000000000000000000000000000000000000000000000000000000000000000000000000000000000005a4c5ce59a000000000000000000000000000000000000000000000000000000000000000000000000000fc9479d39696d00000000000000000000000000000000000000000000000000000000000000000000000000000000000000000000000000000376e6de073e9c800000000000000000000000000000000000000000000000000000000000000000000000000d25b947fd39f000000000000000000000000000000000000000000000000000000000000000000000000000000000000000000000000000000392f139f4dd39a00000000000000000000000000000000000000000000000000000000000000000000000000acab880d5200000000000000000000000000000000000000000000000000000000000000000000000000000000000000000000000000000027fcd597c580000000000000000000000000000000000000000000000000000000000000000000000001d72867af2d7e0000000000000000000000000000000000000000000000000000000000000000000000000000000000000000000000000000000d825f372ebf7000000000000000000000000000000000000000000000000000000000000000000000000047fdca51e9cc00000000000000000000000000000000000000000000000000000000000000000000000000000000000000000000000000000001767cfa6fbcd00000000000000000000000000000000000000000000000000000000000000000000000015a3715ff5200000000000000000000000000000000000000000000000000000000000000000000000000000000000000000000000000000000b049ab2a8b000000000000000000000000000000000000000000000000000000000000000000000000e0a2fe9cb516800000000000000000000000000000000000000000000000000000000000000000000000000000000000000000000000000000001b83179dcfa8000000000000000000000000000000000000000000000000000000000000000000000006b9650cf5e7f9000000000000000000000000000000000000000000000000000000000000000000000000000000000000000000000000000000001fa2faf974d82d00000000000000000000000000000000000000000000000000000000000000000000000426a9aaab800000000000000000000000000000000000000000000000000000000000000000000000000000000000000000000000000000000016b31735668000000000000000000000000000000000000000000000000000000000000000000000015397ce1a56000000000000000000000000000000000000000000000000000000000000000000000000000000000000000000000000000000000099f3b6bf1d00000000000000000000000000000000000000000000000000000000000000000000000e0a1aebcb5b800000000000000000000000000000000000000000000000000000000000000000000000000000000000000000000000000000000036517c7cbaf20000000000000000000000000000000000000000000000000000000000000000000000c199417d79f00000000000000000000000000000000000000000000000000000000000000000000000000000000000000000000000000000000000fd17edcba66cd0000000000000000000000000000000000000000000000000000000000000000000001152a69f2e00000000000000000000000000000000000000000000000000000000000000000000000000000000000000000000000000000000000170b172a6680000000000000000000000000000000000000000000000000000000000000000000005755c57354800000000000000000000000000000000000000000000000000000000000000000000000000000000000000000000000000000000002c6e6ac4e2c000000000000000000000000000000000000000000000000000000000000000000000543f4e712770000000000000000000000000000000000000000000000000000000000000000000000000000000000000000000000000000000000012df36ddf9f40000000000000000000000000000000000000000000000000000000000000000000001455d396a6d0000000000000000000000000000000000000000000000000000000000000000000000000000000000000000000000000000000000036e62f4b9f5000000000000000000000000000000000000000000000000000000000000000000000e91fcf775e5e7800000000000000000000000000000000000000000000000000000000000000000000000000000000000000000000000000000000000f44fe847975ee000000000000000000000000000000000000000000000000000000000000000000000d6fb9433d398000000000000000000000000000000000000000000000000000000000000000000000000000000000000000000000000000000000000be8e7d363668000000000000000000000000000000000000000000000000000000000000000000023954d2f5c0000000000000000000000000000000000000000000000000000000000000000000000000000000000000000000000000000000000000ba48b915340000000000000000000000000000000000000000000000000000000000000000000086b53537700000000000000000000000000000000000000000000000000000000000000000000000000000000000000000000000000000000000002d962e64cd00000000000000000000000000000000000000000000000000000000000000000000200d4567dc8000000000000000000000000000000000000000000000000000000000000000000000000000000000000000000000000000000000000b328a9f93600000000000000000000000000000000000000000000000000000000000000000000ad3b8afda90000000000000000000000000000000000000000000000000000000000000000000000000000000000000000000000000000000000001605356591600000000000000000000000000000000000000000000000000000000000000000000aadb88475200000000000000000000000000000000000000000000000000000000000000000000000000000000000000000000000000000000000026f4eda847400000000000000000000000000000000000000000000000000000000000000000000547f4e7107700000000000000000000000000000000000000000000000000000000000000000000000000000000000000000000000000000000000004becdb70e7d0000000000000000000000000000000000000000000000000000000000000000000014efd39c59dc00000000000000000000000000000000000000000000000000000000000000000000000000000000000000000000000000000000000012a336e1b9f400000000000000000000000000000000000000000000000000000000000000000000533f4e71a770000000000000000000000000000000000000000000000000000000000000000000000000000000000000000000000000000000000000497cdb97e7d0000000000000000000000000000000000000000000000000000000000000000000014bdd39c72dc000000000000000000000000000000000000000000000000000000000000000000000000000000000000000000000000000000000000123736e879f40000000000000000000000000000000000000000000000000000000000000000000052cf4e71df70000000000000000000000000000000000000000000000000000000000000000000000000000000000000000000000000000000000000488cdba6e7d0000000000000000000000000000000000000000000000000000000000000000000014b3d39c77dc000000000000000000000000000000000000000000000000000000000000000000000000000000000000000000000000000000000000122336e9b9f40000000000000000000000000000000000000000000000000000000000000000000052cf4e71df70000000000000000000000000000000000000000000000000000000000000000000000000000000000000000000000000000000000000488cdba6e7d0000000000000000000000000000000000000000000000000000000000000000000014b3d39c77dc000000000000000000000000000000000000000000000000000000000000000000000000000000000000000000000000000000000000122336e9b9f40000000000000000000000000000000000000000000000000000000000000000000052cf4e71df70000000000000000000000000000000000000000000000000000000000000000000000000000000000000000000000000000000000000488cdba6e7d0000000000000000000000000000000000000000000000000000000000000000000014b3d39c77dc000000000000000000000000000000000000000000000000000000000000000000000000000000000000000000000000000000000000122336e9b9f40000000000000000000000000000000000000000000000000000000000000000000052cf4e71df70000000000000000000000000000000000000000000000000000000000000000000000000000000000000000000000000000000000000488cdba6e7d0000000000000000000000000000000000000000000000000000000000000000000014b3d39c77dc000000000000000000000000000000000000000000000000000000000000000000000000000000000000000000000000000000000000122336e9b9f40000000000000000000000000000000000000000000000000000000000000000000052cf4e71df70000000000000000000000000000000000000000000000000000000000000000000000000000000000000000000000000000000000000488cdba6e7d0000000000000000000000000000000000000000000000000000000000000000000014b3d39c77dc000000000000000000000000000000000000000000000000000000000000000000000000000000000000000000000000000000000000122336e9b9f40000000000000000000000000000000000000000000000000000000000000000000052f74e71e770000000000000000000000000000000000000000000000000000000000000000000000000000000000000000000000000000000000000486cdba1e7d000000000000000000000000000000000000000000000000000000000000000000001d73f20000000000000000000000000000000000000000000000000000000000000000000000000000000000000000000000000000000000000fd1d800000000000000000000000000000000000000000000000000000000000000000000000000000000000000000000000000000000000000000000000000000000000000000000000000000000000000000000000000000000000000000000000000000000000000000000000000000000000000000000000000000000000000000000000000000000000000000000000000000000000000000000000000000000000000000000000000000000000000000000000000000000000000000000000000000000000000000000000000000000000000000000000000000000000000000000000000000000000000000000000000000000000000000000000000000000000000000000000000000000000000000000000000000000000000000000000000000000000000000000000000000000000000000000000000000000000000000000000000000000000000000000000000000000000000000000000000000000000000000000000000000000000000000000000000000000000000000000000000000000000000000000000000000000000000000000000000000000000000000000000000000000000000000000000000000000000000000000000000000000000000000000000000000000000000000000000000000000000000000000000000000000000000000000000000000000000000000000000000000000000000000000000000000000000000000000000000000000000000000000000000000000000000000000000000000000000000000000000000000000000000000000000000000000000000000000000000000000000000000000000000000000000000000000000000000000000000000000000000000000000000000000000000000000000000000000000000000000000000000000000000000000000000000000000000000000000000000000000000000000000000000000000000000000000000000000000000000000000000000000000000000000000000000000000000000000000000000000000000000000000000000000000000000000000000000000000000000000000000000000000000000000000000000000000000000000000000000000000000000000000000000000000000000000000000000000000000000000000000000000000000000000000000000000000000000000000000000000000000000000000000000000000000000000000000000000000000000000000000000000000000000000000000000000000000000000000000000000000000000000000000000000000000000000000000000000000000000000000000000000000000000000000000000000000000000000000000000000000000000000000000000000000000000000000000000000000000000000000000000000000000000000000000000000000000000000000000000000000000000000000000000000000000000000000000000000000000000000000000000000000000000000000000000000000000000000000000000000000000000000000000000000000000000000000000000000000000000000000000000000000000000000000000000000000000000000000000000000000000000000000000000000000000000000000000000000000000000000000000000000000000000000000000000000000000000000000000000000000000000000000000000000000000000000000000000000000000000000000000000000000000000000000000000000000000000000000000000000000000000000000000000000000000000000000000000000000000000000000000000000000000000000000000000000000000000000000000000000000000000000000000000000000000000000000000000000000000000000000000000000000000000000000000000000000000000000000000000000000000000000000000000000000000000000000000000000000000000000000000000000000000000000000000000000000000000000000000000000000000000000000000000000000000000000000000000000000000000000000000000000000000000000000000000000000000000000000000000000000000000000000000000000000000000000000000000000000000000000000000000000000000000000000000000000000000000000000000000000000000000000000000000000000000000000000000000000000000000000000000000000000000000000000000000000000000000000000000000000000000000000000000000000000000000000000000000000000000000000000000000000000000000000000000000000000000000000000000000000000000000000000000000000000000000000000000000000000000000000000000000000000000000000000000000000000000000000000000000000000000000000000000000000000000000000000000000000000000000000000000000000000000000000000000000000000000000000000000000000000000000000000000000000000000000000000000000000000000000000000000000000000000000000000000000000000000000000000000000000000000000000000000000000000000000000000000000000000000000000000000000000000000000000000000000000000000000000000000000000000000000000000000000000000000000000000000000000000000000000000000000000000000000000000000000000000000000000000000000000000000000000000000000000000000000000000000000000000000000000000000000000000000000000000000000000000000000000000000000000000000000000000000000000000000000000000000000000000000000000000000000000000000000000000000000000000000000000000000000000000000000000000000000000000000000000000000000000000000000000000000000000000000000000000000000000000000000000000000000000000000000000000000000000000000000000000000000000000000000000000000000000000000000000000000000000000000000000000000000000000000000000000000000000000000000000000000000000000000000000000000000000000000000000000000000000000000000000000000000000000000000000000000000000000000000000000000000000000000000000000000000000000000000000000000000000000000000000000000000000000000000000000000000000000000000000000000000000000000000000000000000000000000000000000000000000000000000000000000000000000000000000000000000000000000000000000000000000000000000000000000000000000000000000000000000000000000000000000000000000000000000000000000000000000000000000000000000000000000000000000000000000000000000000000000000000000000000000000000000000000000000000000000000000000000000000000000000000000000000000000000000000000000000000000000000000000000000000000000000000000000000000000000000000000000000000000000000000007fffc400321000000405050000060202020203000000040506070001020308091415607011121316385017402130223132c01020a0ffda0008010100010800ff00dba59ce52ff33a8585b7ff009f240239201148b0b73ff094e53ff32f6354b96dd226dd5755eabd40b1592b3aedc2975636b014eba126a1d5a1c615f350973bd4bf28cd7e690235cddca938f9b7063912fd1b7c79116e2b84615fce3af1f1e8894e4237e3e37e3e2c9f1e8794a41c238ae117d7f3812ec897e8a7e1c71566ee5493fcbb724d4bf28cabe590d4f6ad0e305f9685426b5636b06ce8a15894d40b159553a2dc259cb6e96d6e9ba90f585cbb6d936812a1abe7035406012ff503a3d75aaa3ce77f52c2196b951910bf9dca54c20408197aa102ff00a41c408077a9101115951910809dba53285d551e724fa76172dfea80c02a3e98758219db6c9cb0948d40fa8b86f3b5cd38398d711d2d561064f3ba05a57373c7255cd9dd0f7c70f1c662ab1c65fda023c7160aa0716b659e392ad94ec87b0d6eab083389da02ed378f3b5cec0390d6efd2c4890e0c3dc142de3d439816b277cb0a1ded471fe722abe0130666a68763ae999cfe80b0d4d09075a332668751c7f9b7aac0053b39a87302e9cec161b86121c607b62827a31c1d94274b6f9c1fbdfa9db628c98824689e2ca27b5f21173efafd333b944f6b1a22dfd8ac86a76d8ace61c91dd273b285116d83820f421a3419684ba387bfda9836a8098a4f348efe423b8f999d460e2fea9a0c847718c33a4c1ba6075306d57f30a9e76c10d066412d0e01e7f9119c0d0303408279bf396cf26418cbb6957fae61b2d9e4c7c196ad2531df381a07fa80e4f2f3c70dcd4334c9abeac70725751f5d38f50b49b3d76eddbf76bbd7bf616aeddb1768bd671ab51f5d37150449bc2de39a86765356158df79ce50e76b78c250252e9c765e6719ee535d5538bfb4699e671991535a553758bd9dade3f74064ba8fcd8e8e8a53a5428f0fb2c351d35535431bf60eeddba22ed77effedad5dba1eed17ec627ea3a6a99a81b7efe129d14a88a829e10f99bb6f1a019148df59b85947986e06479bd602e7eeb177311c0c7037a00d2d23c6807b9236166def98e4a6512071ad2dc9281ea7c9c27ed617960bffde32af9384c22c2cac1018d794481c944b7249ff2fcb9cc44a6381254505cbc5f2b9cd548e59ae3f7c835f2b9b2548159a1f11b3112991e4949418f96e646671163c13d4954b2954a7cb13e1ca7547404d294f91c7c054e97c37cce22c8727a52aa9f2bccecc324c764fd69b4c2814076ab3b1aa4527424fa80ed287609489bc31cc324c894fd09b53f94e5ee569063623a548355aa942b851982b557d1128aa50a1d465ead4a621e569064a23a748cf27c91c844a639b7821607ce5b92ae76d6864bd5bf466d1c957348b42d5ea231bb21129918de075810f92b94e3259a6459a2f969910fd2b721dc416b651748c777e95b8f0e2045b275b57192cec228ad7a8bf23162ac010d7868cce3cad15900b89a6d2fd2b0732b4563fae249b54041560706b2341f916a4995d30362f63d203a669b795d31d62ce3d2ff00c87303240bb1c9ae106e18d4d0c4f0cc59c9bf4c2a3431233308725187f9205d91ad7073713e3ea55093a4880c14ea1c9d7ece3221d6315b0ce9d8c4fd9c63bbac5cb6069a5093ab480bd4e9ef1ed4e324feaddb58f290ea1a64649fd1bb771e15fe3b924f714304d31c38060a13f37551e98294ff00a8278fcdd2a7a5ea520c6d7b8a1fd6989dc02ff1cd433217f981dbad1a41d4b4f3c85fe1f76e8469ff008de6dbf1262191311a5b5575dcaaaaee752a6baedd54d76f091f893eec8970d32f199ce5297c679e4fb7f353e238394f54c0d7dbf855f1021cda5394e5f1978c66d3dd4b22c39c19174e73aa73aaaea929ce99caaa7095eea5ee61c9cc8c7c635217a2a729f1ad1657d5b4de7a2a6d5f1a11669e2eff003a00d996814ee30a301e30d47893431eac5e3c6150f0c685cc0ba20de568130e305f16d571dbf8d697654b3ac6946edfc2b5432a67e2b7c4580f62e09bf916e75f785eb562fee758c7473afb3cf5a4d7f6ec08b022c5b1363c53399d09b598dca830092ff12f87599ff997c23065d09ba78dc973017e29aafb9550f57249a807d6b4a072aa00ae56b5033c4e7394a5f19e5338953a7900b657d3d6b165c4a9acc8044abea94e5397c65e25912bda5b16396ab79555555d53aebeb54d555154aba31d97b4b9cc72296f3f12d53975c0b18528bb1d734b15d73cc61b22eff896ab2b4e59e34da2acf5cd29969c4bc6a4455ef12cce577de9938bf36a3ae618abbecbc9c401b57e22726564989c71c08509bdf3f3f333e13d713c6f7c80fcb0f83131959392702701fc432b549524b1c5c43cb7297c25f0ebb397c65f08c525254adc716ecf2e7886a507f325c583809475ed35cfe6758b04e12bf10d594ea615a54710cbaf693475314d2ac4867e21ab89b7c46b6e472ebda471b7c06b90473f10d5907fd57751a5d2ebda4d8ffa4eeac8ba7e21aa68a9dec8d2f0fd7f4b2153b391a601fc47539b95579422689f5ed31ae55465086a25e21a97575d59566d4d5d7b4d1aeba72aca69a7c43533b74d19483eaa7af69996e9af29005557886a881a76325acde9f5ed2ec34efe4b5ebd2f10d56c04ec3e89a1fd7f4a4013befa2947f88eadc59550b06f0ebafe92259556b070cebc4756e289dd46b7c7d4f5ed244a27691ae09f55e21aa291f258db60d69ebda5d11f1b8db7cd6af10ce24fc9498b0e004975ec1d4ec9358b0df849f8838e9eb6ad6f54c97bb76cdc0f76b0f77ae5ab37045da03da6e13d6d24dea652f6bc4721525f62be6bb4a4bae63d24befa7cd08949f896a608c9a6725851ddbeb9a67a326a6c960a7773c4b56743cc4a690ce2d8eb9a4c21e61934b9716ff89672a0a6e06312ccbc3ffdf5bffa8c1a414dbfc62461788f12352e0870582ca07b908f16df380a3438eeb4dba3c5b82e02710e04a8b821396042801e27a9c371f67e4252ad0bd6b4c76e3ef0c84a95a2bc5353b6cbef061ad2dc1f5ad311b2fb3d86bcb719e28ba4916af118788a3857264c916aa37481c75848a64c968aa284813a15285a834691a28a3c57538697ec97bac3805fd634c7697ef67bc438061e2d9f0cfcddac7a39ba03ac603b3f36971e89ae8ff161162c88b3703dfcaa67af31cf9291114756c5567af3e2f926d11587b1643d9a03d8f17d505929ab9b62e7849bab697cc94d22db18bc273e30a44f95ab13e64983c7bdac36659d350b6e6fd51906b0d9e974d3cdb9426d3e56934f96a608fc675416166a54797be29fea9a5f30934d23c7be2a0f1a50111529c8c7a74ef21d9a36619d83c6f0cba963c3346cfcbb046de16a7888a93046013849e37a8ae3bd4ecb5d270937d4b4eac76a9a66ba6e0a93c72e5ab77a8aaddcce8c71bac2bb57c692750c17c71bafd3b56069ddbb56ecd14dbb7e3b92ac612e4135668833153a68ed1aa2324a293a72613476b25116a51378d4c612e3eb5656832ef1fd4ab176a5015cf20115d3b4d5c5da93e572c805af900d0818785bc04766de2f8bc7971aa1c45d3309317c5e42b8f48d3d04103000b64081f2179da14a3e6de1a376ad779a95632abf346f165d29a16a558f52fcadbc46b30d0a518c6f0adbb49791e67e2b97646a16630a0d4a8c888cc5929c7482a2a323d33084a4f8618ae5d8e48590c37f25d40f0e24e197097b1b29ca74ce72aba34a53aa72953a7e61c49bc2e0cf639be4fa80e16d44b7c73ead3746d3fb0b6a3abe05f5767ca2f58b42ad5762fe77613886c470b775aae8982384d7dce1e11de756d58b41ad5162c7948d0a14c02df023b37b07473462863a8d6f42c21c1d1cee0b06ea3a4082852f0b60081f2b1a1429805be04766c6070b6eab1aebb35d0309f0345b8b58275de5041429785b0040f96ddb56ef5baad5dcd0d3eea9cc7bb0c25cb772cdcaad5dfde5bb772f5ca6d5ac2fd3eea94c03b0fddab56ecdba6d5af30cc1c072278a916e1354a54ca811c7a3132a9fdd26932a0589e834ca5b0fb01c899da42384eaf99e4b6253739224b399cbe38fee4e3f2a6b4d2fff0070c763fb93902a9a53481c69c4a6e71b8965326f35701b945ba69a168f5ee52e9f4b7672a16b16d7f6d8b5a7d2dde3a822c5ca6fdb945b589a088f4179bce52aa5394f2774f041bb3318b06c5cb6a97ed0296f24dc4fd9368d52fddf52d949b778c5a7820da69835839d294a994a52f3a731aa6fddf4f5d4ab8991ba6c2f9bea85aa19c101c403117020bfd7070e20608b610263969aebe702a0aa878db36a9bf6813d692addf9f3fd870cd640d8bc34fdfcc187ad8cac41b7eb583c187adf3ac39b4303870cd63f58b23483d06aa69ae99d353ef808c83cd2107258f760e3f0ca5420c04ce5394e729fe9a529ce7294991c1c7e1eba8398066230119066641ce4ce9a69a299534fa24e529ca729bd1840c1bd33be6260f1e9a6f837f55f32411c129c278c2e949f7e889c94e1426168a4859cd34df0702ab064bd65f0818365a760c4be5294a5294bd25c6665af76c04cbdc67634a64a99d578c59c74b0db221a39ddbea2ae9aadd755bb9fdca29aae574dbb6d6e1b6443b93b57d3ad3e94c952caac98bc6dcb32d7b480245edcfa7b958cec63b74d752e5c7d2811463f545b58e069dd93a85fab7c1a8922aa488ba802abfac9d48aa95c2e900956ff004eec9d5d7d2be31b8d281145df485ba6dae33b1ad25345487f553820235104a801fadb05717d713b97462bf49a6f86cee5e43ab34af7e09e75dc4ba9b08f2952bf35438f5b87092f54e8525529d154e9affd54ca75d52a68226e1c254552a13699c23ca5554e998149e95efc1c4e8b8a8486934df029dbbcb844e0ae2fa1e76ee832720234e84a40107aeddb56ef513b774e5b16dd4545549f1ae206321d4e750e30d3d7134c3e69c86698f8b82a739da15a57e3a5df8edae694ac35557c6ddbd29586a6af8dc0ba57e3a5af86e41e98f8b816729dd2fd3d7134bfe59ccab1031909672a8093362dba768a6921b56add9a256ed7ff0088caaa95329d553b99a78f8cdcaf053d76b54c73949f58b9a705932ff17ac64bdb0c7eaa56eadb923f4debacdcbae5349db75fae709d66e5a829a8edc57c3552b74ee091851d930ff18ac26bdbed3ea96e9a67e8973aad166e63dbc33b208a29aa8b94caba3cd140a34fa50aef1da9de5d4f5a746557ca5ab78332dff7aa778228a7fe67f19fff0029955a99166f64f922cd6a88e824a9b052ecb41990c13d34d90a9a94e5397c65fa89ce5297c66efe64304cb53782a95e5d511d056d37ca5a6532ad4cb437bc7caeff00e8d0e5fbfacb55643a5598d519b5554ec14bbe9757a5d6a5168f521e60bc72506d912d6a0701eed540087fae4ac3b94f139aef9ad470e37fa2539d339554b4f99390acf7d10c9c6ab558441b5364bddd6e5f0699da0b4896f7f48e2be2d2b4c16a12e13abaac220a69bc5ed13b199390af0fd60ca39ce754e7555fe86f9d3711ab36a4edbc63f550bf6f6e46fcb76ec372ed1348f9b8f2c5eb92836bc8ee28dc17df54b1173729f6056ee12ddca3bb8a25effb418c185c26d8d2f6db3c3261b5fa41c3371ab125864ad04755bccbac7673be95a4c5bbb6845ba6f59fee5cbb683dbaaf5e70f2eb1d9b1fab694ee3eac496072ba11aa7273c3261cafaa1c48c1830c44dc1a61fed49ac956843ab2a24630daa49e15cc310bf6dc3b4dc3bc494a81b9f2851a953c9027107ca97ff00545282b9894e302e0396bc74cfae295c1fe9a25f0781b8ae9a90e85d4fb21d312b761528bd589b83095bb2bb4867262eaca8b720642af49aa6cc84a67fa87caf49a5accc4a995f9c98ba8da2e4862d35626e0be572ca1177a9f643a9e572c2596cf83c0e3d7554b8fe9a3174b16ecf6ca950f8fbaa2dab9b74de41a4d66965e91d85222fc92bb96ed5155cb9917a8a35ed2c8526dbe78f209d77dce266ae37f640191914df9092a4ce52e4523fe4a08537a96650114a9a0c08356a5f079d14a9c9f5686e6fca891f93ea7d8cc63f2c87976a0589a633a6500330f184c652db04c9060077c2416d3c8d15fa6572cff293671fca4d9c5d791a2b14cee5e17920c001f8c850fcc3c612e94f7263a81626974ea941c6a7d8cc5df34801c6ad0dcd89572203fd5a97c2275d298526a599427b2ae82f53652e452c3e7a0f8799191b5f98935fecb4af7b9cc81f52a06df1db5226ddccdaa69d4b17ec8ab345f0fe42f9e4b3558f84f3305d647675bb4fc562488bff0047ff0018f9698ff8c7fc63e5a63fe3fa4c73cdb76b1faf5828a186ca269b218ae9108af1e35342e252f106c6f935a99050150a4663d28d4aa0579d0a512a7a7121e1ca6cd431e27f18b531a2bdaa2f22090e0a5425618e48bc6dfbc996b71d48e662b5c8ccbd753228c6e583bea58ed964e9e399ad3f6e63f65035f916492188ef18aeba2d5155cb9957a8ca7d0731a8363d52aa522d8f85a9d5bd5134a750a38ec22952b89fa8c922de60d02fad172ddda29b96fc5574bd48b6a9918af5ce57e7eac5e9ac5a25b9eb18a39f4b364ee0446384865d24dc94c8357a1fc4f22325db9c724c4ce15f901922e4e44a96674b5eb58fd926e4e3a29a4748bc78c966e723131cca3fc472eb385298fe0efa4524b95e2b9c8538d582dfae2097eb06c550096486c49cde48e40820e93537874e7294be33ccfd4082a377cd6b1c3870d33197cc4c7af001e38a8758332cc32cfe02bf9016bdebf0cbf7ec86b170409cd5cfebea298f69d8c9ce739fc67d82539d339554e1467f5d2d98168df5b57addeb74ddb3e12626204a0bc41a19e6be750e75af8c6b9a6ec98519e431b7ac1354f1021414c02d81c07c1cd8d8b084b051c9c66be6d18bda6221bc6e3b36146718f6745056c9d02e31026e0039a167829a1a171217093636cdbcd41cfa19dd6f1bded183b9b4399a320ad939800704320760c4bfc0c58a0c0c35d1a2f39f35443c26221af6cbb5609e6c5f6b078568dd2b37ec88b345fb1e035554d14cebab3e3356a5c091aca351db301b35eea5c40163dda94e5394a72f00d41b33f8ab439856a7b769fd9a3f725902c4bafdff003bf306cb269eb8dc202f5ebc26f5c1227b7061220188b42c260b65f877d539420175df72cb2688f1b5bcba6d35429cf968a23055aa3b824d56a143290b95c94c52c9520c926f2c9e58ef6ecba6956650668e0ac5f37a158fd38a62e0ab7b930ef6ab58371402fd26d4b9c957890a54e0a3bbc8f1a14b81df311f9b394c3321dc0a8ad3fdd30832ac5e3d2ee448a4023031804b26003bc6a4b95955afad8f280eeda6de576eacd8c795f777cccc97058ead8dd1058626038dc7893534eec5866604c6214dca70d7258164636368618f755bac93edf248d56caac867c145904e719afcf7bc63a3e6a1c7d73cb57a4a8b5827d7e942a5a257ba6a4b939f79a9bf8291ddeb4d5c9cfb3949362967dcf367246c63e3557ee1408117c55fb828577a0c244031168584c2ac8eb3904d307126fdc4f4ecad344c394279940fc1ae42bb668b813df316dfa34c7876cb16b6090e8b1464e08fc93b86a7b91bc69606c7d4af7ed30f2339728138faaaedef53aa44ca36478e32816eb23e7095c6cb653f7e432d0fdba58142e12ecbba846f436a46e3a7fb76a6190935e385619b4ef80699d909f63afafb30a4edb950f8846099b3a5bc878f18683841998f80178f1a543c31a16e2dbda09fc66c9175476cd465fafe5578ea431278169c4fccdae783ec13bed7970f6da619923b5707bf7ef0abf70489f020e22f831168585c4c7bac3f6ca922c6f76ad491f19b92f37f1f93f8269acf7ff1d3cb53786fda7251de0ac7332a3706e0f1c30cc7083230f042f301a523c31a17637bba0df266d38e158ed1aa53d3350ae8a19728f06d2cde8990ad0e99536ecebf5914376883c5c1f2e9626ee0acced707de0c82591c378b5245c9020d6252bf46122dc8bb36a9eefc93cde1234259e11a5a3c1f72b6c70d09a7659ce544a7555988ed54f26412a14c1fc230d5d99b3b90897510994e5397c65d93311d8fe1dc7d54a9837c6739fc67e1129ce99caaa7105d8fe64c7f4aaa84f64d569d4e495897684bfc2b4a374f62a554b3c3fb1891160187ba304bfae3df76de456b8177c2b1fdc810d2bca92702c871164558b62ac762ce5732b6bf1b1546017c2ffee3085cbfe52c6e499a08ec5ab0391318a347b4e0bc3349c71f6a7ab26a45f61ffaff0033cb3717f94b21d6cabb5e1988ee37f166442295377b0e41afa86bd9359ae275d75dcaeab973c328b972d574ddb4c0af6db9ccca35754f60d5417b34fb2a48850fe1da592fe6a1644dd0e27b06a92ba9285fa2e4758f0ed2c975c03ea6a8cbfd7e7394a539cf23d6b370df75d2be9f0ec6c5b54ddbf4855744a729cbe32ebcf72be94033eb259555575dcaa772e7875172bb55d376d330adb4be69920b3b5d7b528584d318c264576bc434d957cd4f8be545d77af6adaadf8596f9096bc43493577cc11c0425cebda9c2a267b92f709e9f10d3114fc1e4ad24d575ecb1534d5d922e21cf88e2529fed0c936eceaaeba6e3ed15158c34bea134ba787e66777fc413869708d42567564b06da332e086567ae647283ed7611c13d94a5f094a5e233ff0032f8463a287eea619007f575cd410ee6498a0b394bc4b4ff003a91de2822be3d7354e3a900c772e29978969647331f8ec6055575cd5b4d7e9a31bd24978969266bf5510e092d5d73570319d6a96e8a7c4f48f32aa853b8a51d7755e309df7b52c5d2f12d27c7cacbd2ab2febbaa20cdc64b5a0d2f12d2ec5cec64b5e0f2eb9a95089decab38a3c4f4d213b7caa29b7d77517bff5b2cd574f89e9d17a9b596695a67d7350abd4decb55a4e9f12d3daf4ace5a22e73eb9a817e59ae3c4f4fdfcb343f5dd40bf2cd71e27a7efe59a1faeea05f966b8f13d3f7f2cd0fd77502fcb35c789e9fbf96687ebba817e59ae3c4f4fdfcb343f5dd40bf2cd71e27a7efe59a1faeea05f966b8f13d3f7f2cd0fd77502fcb35c789e9fbf96687ebba817e59ae3c4f4fdfcb343f5dd40bf2cd71e27a7efe59a1faee7f0417732c56f5dbd80f8d80f8d80f8d80f8d80f8d80f8d80f8d80f8d80f8d80f8d80f8d80f8d80f8d80f8d80f8d80f8d80f8d80f8d80f8d80f8d80f8d80f8d80f8d80f8d80f8d80f8d80f8d80f8d80f8d80f8d80f8d80f8d80f8d80f8d80f8d80f8d80f8d80f8d80f8d80f8d80f8d80f8d80f8d80f8d80f8d80f8d80f8d80f8d80f8d80f8d80f8d80f8d80f8d80f8d80f8d80f8d80f8d80f8d80f8d80f8d80f8d80f8d80f8d80f8d80f8d80f8d80f8d80f8d80f8d80f8d80f8d80f8d80f8d80f8d80f8d80f8d80f8d80f8d80f8d80f8d80f8d80f8d80f8d80f8d80f8d80f8d80f8d80f8d80f8d80f8d80f8d80f8d80f8d80f8d80f8d80f8d80f8d80f8d80f8d80f8d80f8d80f8d80f8d80f8d80f8d80f8d80f8d80f8d80f8d80f8d80f8d80f8d80f8d80f8d80f8d80f8d80f8d80f8d80f8d80f8d80f8d80f8d80f8d80f8d80f8d80f8d80f8d80f8d80f8d80f8d80f8d80f8d80f8d80f8d80f8d80f8d80f8d80f8d80f8d80f8d80f8d80f8d80f8d80f8d80f8d80f8c01082ede58a22bb9d72e030b76a9d7778d011c6808e340471a0238d011c6808e340471a0238d011c6808e340471a0238d011c6808e340471a0238d011c6808e340471a0238d011c6808e340471a0238d011c6808e340471a0238d011c6808e340471a0238d011c6808e340471a0238d011c6808e340471a0238d011c6808e340471a0238d011c6808e340471a0238d011c6808e340471a0238d011c6808e340471a0238d011c6808e340471a0238d011c6808e340471a0238d011c6808e340471a0238d011c6808e340471a0238d011c6808e340471a0238d011c6808e340471a0238d011c6808e340471a0238d011c6808e340471a0238d011c6808e340471a0238d011c6808e340471a0238d011c6808e340471a0238d011c6808e340471a0238d011c6808e340471a0238d011c6808e340471a0238d011c6808e340471a0238d011c6808e340471a0238d011c6808e340471a0238d011c6808e340471a0238d011c6808e340471a0238d011c6808e340471a0238d011c6808e340471a0238d011c6808e340471a0238d011c6808b60c2daaa55daffdb5efffc4005610000103020108050805080509070500000102030405110006122131415193d1136061707107142232527281911523426282335073a1a2b1b4c124344043923053546383a3b2b3d2205595c0c2c3f025356474a0ffda0008010100093f00ff00cdd29b624b43c56062747e2a79e2747e2a79e24b47c160e0dfbe4cbaa0518205c89b5169957c94a04e3ca37d30ea35a29305e9173d8bcd08fdac7936ca4aa91eaae5bccc441f9159fd58f25993d4f07d55cc96f4950f8273062b340a4a55b225250a23c0ba5671e596b4c856b1150cb1ff000205b1e5932c9e0ad60d65f48f905018cbcca290a3b5daa3eafdeac56ea0e822c42e52d5a3e2713647155cf13647155cf15ba83400b00894b4e8f81c65e6514750dad551f4fee563cb26593213a80acbea1f22a231e596b4f04ea1290cbfff001a0df159a055929d92e928493e25a2838f25993d5003d65c396f4651f82b3c63c9b6525289f59711e665a07cca0feac7946fa1dd5ea455a0bd1ec7b579a51fb58cbaa05642c5c0855169e57c92a2477b397944a1a122f9b326210e2bdd6ef9caf8038835ccae928b84aa347f368e4fe91db2ade0838c90c9fc9a64dc25d752b9af81e2acd45ff0e3cae650bacbb7ce8f1a518acdb766339a2d87dc7dd51ba9c75654a27b49d3fd8df7187526e971a594a81ec234e3cae650b4cb56cd8f265194cdb7663d9c2d8c90c9fca5645829d692b84f91e29ce45ff0e20d732464aec14a931fce6383fa46aeab78a0632f2895c4285f361cc42dc4fbcddf393f103bd2cbba451139b9c96a4481d339ee349bad5f00719113b285f4dc26754d5e691afbc205dc50f1cdc65cb993d4f76e3cce848f344e6ee2e025d3f15626bf2e4ba7396f3ee29c5a8ef2a5124ff6b9afc492d1ce43cc38a6d693bc2924118cba732869ed58799d751e769cddc1c243a3e0ac6444ec9e7d560a9d4c579dc6bef28367123c33b197748ada737394d47903a66fdf69565a7e207798fb6c32d24a96e38a094a1235924e803155772ceb4cdd3e6b46214c256362e41f407e1ce3d989f1f22692e5d219a56992a4fde90af4afee04e2a52a7cc78e7392253ca75c59de54a249fcc3529502632739b9115e534e20ef0a4904627c7cb6a4b764966aba24a53f76427d2bfbe158aabb9195a7ac9f35ac909614b3b11207a07f1669ecc3edbecba90a438da8292b49d4411a08ef1ea9129d02324ade9329e4b4d3691b54a51006294bcb1aaa2e8139c258a736ade15ebbbf84007dac65aca55394aba2950c98f09b1b07469f5bc56547b7f33e5aca4d392abae953099109c1b4746af57c50527b714a5e4755576419cd92fd39c56f2af5dafc4081ed62a912a3024a42d99315e4bad3893b52a4920f7872d98b1d8415baf3ce0421b48d654a3a00ed38868cb3adb776ccd2a28a6b0bdf9e3d27adb9161f7b195f2e7321654c53db3d1438fd88653e88f13756f3f9af2be5c164ac29fa7b87a58723b16cabd13e22cadc710d19195b72cd89a14574d7d7bf3cfa4cdf72ee3ef625b32a3be80b69e65c0b43893a8a543411da3bc09a32972a90084d1a9ee825a56ce9ddd2968766957662bea8342cfce62874f516a2206ccf17bbaaed593d807e6fafaa750b3f39fa1d4145d88b1b7305eed2bb504768389a326b2a9600551aa0e805d56de81dd09747668576777b949128f4d601fac7d7e938ad886d03d25a8ec4a413812725326d79cd2e7e75aa3311abd61f9049dc9f4b7ab661c538e38a2a5ad6495289d6493acfe71714db8da8290b4121492351046a381272af26d19ad227e75ea30d1abd63f9748dcaf4b72b66329225629af81f58c2fd26d5b50e20fa4850da95007bba2ce53e5a8494880cb9fd1e12b6190e0d447f9b4fa5bf375e328dfa94a513d0b37cd8f1507ec32d8f4509f0d276927f3ae51bf4d94923a666f9d1e5207d879b3e8ad3e3a46c20e0b393196a5212603ce7f479aada63b87593fe6d5e96eced7ddbd4a353e9f09a53d225497036db481ad4a51d00625bf4da41ce625e50d8a24cb1a888e0e96907db3e91d99bb5d5b8eb8a2b5ad6a2a5294749249d24fe77756dbada82d0b428a54950d20823483896fd4a9033588994362b93106a02401a5d40f6c7a436e76ca946a853e6b497a3ca8ce071b75075292a1a08eed2b688109aba59687a4fca76da1b691ad6a3f21ac9034e1c768991f19d261515974d9763a1c90a1f945f67aa9d8369fcf4e3b5bc8f92e5e6d15e77422e74b91d47f26becf555b46d15b44f84ed92f347d17e2bb6d2dba8d6850f91d6091a7bb29027d7a6a15f45d1597007a4abdb57b0d03ad67c05ce2aca7dcd28890db2531a1357d0db48d8379d64e924fe7dab298734225c37095469ad5f4b6ea368dc7583a4118902057a1213f4a515e7017a32bdb4fb6d13a963c0d8f760a62af96f3d9260d333ae98c93a9f916d2946e4eb55b60b9c56e4556af505e7bcfbcad43621235250068091a00fcff5b914aabd3d79ecbecab58da850d4a411a0a4e8230a629196f0190675333ac99291adf8f7d2a46f4eb4df68b1eeb971ea997b506af1e3139cdd39b50d0fbe06df651aceb3a35d56454aab52794fca9521654b7164e924fee1a80d03a8355914daad35e4bf16547594adb583a083fbc6a2341c2e3d2f2f69ed5e4460735ba8b691a5f601dbed2358d6346aeeadd627e5ed519bc38c6cb4406d5a3ce1e1ff000a3ed1d2740d3549151a9d45e548952a42cadc75c51b9249ff00e0ea1d52453aa74e793222ca8eb2871a7126e0823ff870eb1032f696cde646164227b69d1e70c8ff00891f64e91a0e8eea4b13f2caaeda9348a728dc206a321e0353693a87da3a06d22aafd4aad547d52254a7957538b3fb80d400d000007516aafd36ad4b7d3222ca6556536b1fbc1d441d04120e0b1032ca90da5357a724d82c6a1219075b6a3ac7d93a0ec27ba75224d41fce62914d0bb39364db40de109d6a56c1da462a8b9d55a9b99eb51d08691f65b6d3f65091a001d47aa2e0d5698e67a1434a1d47da6dc4fda4286820e1488d5063358abd34aeee42936d237942b5a55b47683dd354530e974a64bae289f496ad496d03ed2d46c00de70ead9889258a55382eedc18a0fa281bd475a95b4f65ba92eade88a218aad38aecdce8a4fa483b9435a55b0f65f1514cca5d5590eb6a07d242b529b58fb2b49b82378ee92436cc78eda9d75d71412942122e5449d00000927131c464364ebca440402409ef8d0a94b1b41d2100ea4e9d6a3d4b98e2f21b289e4a27a0924407ce84ca40d80680b035a74eb48c486de8f21b4bad3ada8292b4285c2811a0820820f74752b497d20e534b617a5b6ce94c3046d5682becb2769ea6d4af2584939332df5e971b1a550c93b53a4a3b2e9d83ba271a7729eb0170e85115a49788f49e50f61b0738ef39a36e263b2e74e797224beeab396eb8b24a94a3b4924f53663b127417912233ed2b356d38820a5493b082061c69aca7a38443aec44e821e03d17923d8700ce1b8e70d9dd04e6a1532971dc972e4386c96da4249513f0182eb34b649894686a3a23434939b71edab4a94779ec1d4f2ebd4b78889598693a24c35119d61eda74292778ed389cd4da65523b72e2486cdd2e34b482923e07b9f9fe820b72f295d695ad5eb351491bb42d43dc1bfaa33fd070b92f269d755a95eb3b1413bf4ad23df1bbb9e2db92db479b52a2a8e993356086d16dc0dd4afba9389ae4ca95524b92e5bee1ba9c756a2a513f13d519ae43a952e4b72e23ed9b29b750a0a491f1182db72dc479b5562a4e98d350007116dc4d949fbaa1dcecee972632296e4360a15744999a9f7b71b119893b924edea9cee8b2632d56dc37cad5644699a987b70b9398a3b940ecee72586b28f2842a954600fa487169fac787e8d1737f68a77e1454a51254a26e493ac9ea9a8a54920a540d88235118961dca3c9e09a556413e92dc427eade3fa4458dfda0adddcdcce9727724f3e934dcd55d0e2d2afaf786fce58b03eca13d5599d164ee5666526a59cab21b5a95f50f1dd9ab3627d95abb9a961baf5781a3d2003e925d75273dd1ee379cabefcddf82493a493acf55490469046b18961caf5040a3d5c13e929d692331d3efb79aabefcedddcccbe928d90cd9a7a425574ae6aac642fe04251f80f55e5f4746cb96c53d414ab251353731d7f12548fc63b98527a5a5c25f99a147f2b297e8328edbad49f85f1216fcb98f2e43eeacdd4b716a2a5289de4927aaf216c4b86f22430ea0d948710a0a4a81de08070a4976a9051e78849fc94a47a0f23b2cb4abe16ee5e5e84debb554255e288e857fbc55bdd3d5997a156aed290a578224213feed56f78f72ce25b69a495ad6a3609481724f65b0ea971e7d416dc204fa911bfab640fc0907c49eacbaa44781504373403ebc473eade07f0289f1030e25c69d485a169370a491704765bb95925aa8d6db14382526cae9245d2b23c1b0e1f8756e4976a3446cd0e7151baba48f64a09f16cb67e3dcac8bb34a88bac4d403fdf3c4a1a07c10851fc7d5b91666ab1115884827fbe64843a078a1693f83b9436030f17233b537224337b8f3663ea9bb7614a2ff1eadbc5b8cd54db8930dec3cd9ffaa72fd812bbfc306e0f726e043d4ea43fe6c6f6faf5a7a36adf8d69c28a94a3724ed3d5b514a926e08d870e05bd51a431e726f7faf427a376ff008d0aee4ddcd7f2a2b28cf483a4b11d25c57c33cb5d5d7739fc97acaf3124e90c4848713f0cf0ef726e92de4fd17a77137d01e92e13ff000368f9f575d21bca0a2f4eda6fa0bd19c07fe0717f2ee4dee9198f545539955ee3323a52ce8f8a0f575ee8d991544d39e55ec3324254ce9f8ac7724406a0c6764ac9d41284951fd430b2b76a531f96b51d654e2ca8fefeaeaca1da6cc625a14358536b0a1fbb0416a7466a4a08d452b4850fd47b9173a371ba0c961b55ede9bc9e893fad63abee748e39418cc38abdfd3653d12bf5a0f722bcd5562a7020788e97a43fa9a3d5f5e72a8f529f035ea1d2f4807c9d1dc8aac6a15f5be46f0cb0afe6e0eafaae69f5f43e06e0f309fe6d9ee455eab55196a1e25940fdc7abeaf59aa74b48f02f20fef1dc89d11b2796e11dab90bffa7abe7449c9e438076a2423feaee449b47c99889b1de5e7cff31d5f26d232665a6c3787983fc8f7236b37438091f259fe7d5fb59ca1cf49f920ff002ee4544845229c12370e8aff00bcf57d4405d22a214378e8affbc77229b15d169e49de73143f9757d3728a2d4083b8e6247f3ee441fe919390962fd8b753a3fc3d5f07fa3e4e4d59b76ada4e9ff177229b79de4d369befcc90e8ff00d5d5f4dfcd3269c4df767c8687fe9ee453e8bd4d9b16f6da8750ab7fbceafa7d1669b0a2dedb56ead56ff77dc8a7fab55264452bf48d25407fbb3d5f4ff59aa4388957e8da5288ff00783b9145d548ca086f936d495a5c6c9f9ad3d5f459557ca098f836d69425b6c1f9a15dc8b656b8b4f4cf4002f62c3a8709f924f57d050b954f5541608b5cbeeadc07e4a1dc8b79e9ab5225c3cdb6b2e32a48fd6709b2da514281d841b1eaea6eb7541091bc936186f31349a444879b6d45b65293fac7724de63702bd2d2d0b7f74a70ad1fb2a4f575bcf6e7d7a225d16fee92e05aff652aee4dacc6329a9516a0920682e241657fada07e3d5d6b3d8c99a54aa82891a038a01947eb749f87726d12604c914890b03525d4871bbfc5b5fcfabad1067cc8f488eb235a5a4971cb7c5c47cbb9363a5974b8c9acc6005c85c6505aadfecc2c7c7abac7452ea9195599208b12b92a2b4dffd9940f87726d87234e61c8cf20ea521692950f91384292f50aa726010a162436e14a4fc5201f8f56d0a53d5da9c6800245c80e3812a3f04927e186c371a0b0dc6650352508484a47c80ee523e643cb1a73537380d064b5f54e8f1b25b57e2eadc7cf8791d4e766e711a04977ea9a1e36538afc3dcab19f3722ea0894a501a7cd5eb34e8f00a2dabf09eadb199372cea0b949511a7cd59bb4d0f02a0e2bf10ee55b4ae1d7203f01e045ec9710537f117b8ed1868b73a8b35e8321245bd36d6527e76bfc7ab2d172756a6b3063a40bfa6e2c247caf7f861b08874380c4064016ba5b404dfc4dae7b4f72d1b329d96d104871494d9226b3643a3c549e8d5e24f566367d3b22a2190da949ba4cd7ae86878a53d22bc40ee5e2f4b58c953f4e40cd175283693d3207bcd1568de94f5662f4558caa3f4e4fce165243891d0a0fbad04e8dea5772eda56d3a9285a142e14922c411bad86548a699067d2944685c378953606fcdd283da83d57654ba689027d5540684436485380eeced081dab186d2869a484210916094816000dd6ee622e7d4723d7d04fcd4fa4ba7baa0338fe8dcb1f05abaaf1732a3960be8206727d2453da5119c3f48e5cf8213dccc54c9a75562bb0e534a1a16d3892950f91c256554996a4c77542dd3c657a4cba3de4149f1b8d9d554ac2aad2d2990ea45fa08c9f49e74fba80a3e361b711531a9d4a8ad438ad2468434da42523e43b9a879d50c9b021560213a5c82b57a0e1fd1acdbc167775561e6d43290185470b4e96e0a15e9b83f48b16f040dfdcdc444aa7d4e33912532b174b8d2d252a07e04e12b53115e2f53a42868930964969c1db6d07ef248ea9a5696253c1ea8c848d11a12082eb87b6da07de50188888b4fa6466e2456502c96da42425207c00ee720f4b94d916dae414b69bae553ce979bd1aca6dd22476286dea9c1e8b2972d1b448cd71365c58034b2de9d4557e9143b5236773a84a90a052a4917041d608c4252324b2a56e4ea52929f41859377635f66613748f6549dc7aa3094bc92c965b73aaaa527d07d60dda8d7db9e45d43d94ab78c212942404a520580035003b9e2db338a7cea933149b98b3100e62bdd372950f6547101c8554a4c95c4971dc16536e20d88f0da0ed163d4f80e4daa55a4a22448ed8ba9c7166c0786d2760b9c16de9c13e75569894d8ca98b033d5ee8b04a47b291dd053f3aa34c692d65147651a5f8c9d089361ad48d4afbb63f67a9f4fcda8d4da53593b1de4696232b42e4d8ea52f527eedcfdaee863b6f4790da9a75a712149710a1652483ac1048b62338bc8bca37172292ed891197ad715477a6f74ef4db683d4d8ce2322f271c448ab3b620495eb44549deab5d5b937da4623b6cc78eda5a69a6d21296d09164a401a80000b77451f3a34e4e730fa523a489213f93790762927e6091a8e2216a7539cb21d00f472593f9379b275a5434f6690748ea5c42ecea8b965ba41e8e3323f28f3846a4a469edd0069388f9b1a0a739f7d491d24b90afca3cb3b54a3f2000d43ba46d98f96b41696e522510079c275aa2b87d956c3f655a7513882f439d05e5c7931de494ada7126ca4a81d4411d4982f4c9d39e4478d1d94952dd7146c94a40d649386d99196b5e690e55e5000f9ba75a62b67d94ed3f695a7501dd352ef94d4f673eb3018469a94748fcaa40d6f200fc491bc0b8208d041d9d470493a001b714bb6535419cfa3407d1a69b1d43f2aa0753cb07f0a4ef26ddd3d249a7bca2fe50d2a337fd59674aa53491f60eb5a46a3e96a26dd46a4914f6541fc9ea5496ffacac694ca7527ec0d6849d67d2d405fba86d2e36e24a1685a414a92458820eb046294b772425b85da94065254692ea8e95a46be8144fe03a355ba8b4b5b792111c0ed3203c929356752742d435f40923f19d1aaf86d2db6da4210842404a520580006a00775519a911a436a69e65d40521c42858a540e82083620e21b92b22a4385d9b05b054e51d4a3afb5824e83f6751d163d4386e45c8a8ee0761417014b958524ebec6011a4fdad4345ce23351e3476d2d32cb4809436848b04a40d00002c00eeb2335223486d4d3ccba80a438850b14a81d04106c41c539d9392aa2a7aa5486815b94bbe92e3635a98ecd68f0d23a814e76364aa4a5ea6d21d050e552da438e0d6963b35afc3498cd478d1db4b4cb2d20250da122c1290340000b003bae42568582952542e083ac11b7149b8f4a455726e3a7e2a7a2a47ccb43c53bb0da90b412952542c5246b046c3f9f5b52d6b21294a45ca89d400da7149b0f46452b26e427e297a524fcc347c55bb084a10801294a458003500367762cc5a365a58bb262e86e2d5881f6b636f1f6f52bed7b58a3caa5d569ee9664c492d9438da86c20fea3a88d23f3dd1e5552ab5074331a2466cadc71476003f59d406938662d672d2c1d8d17439169248fb3b1c787b7a93f67daeed23fd1794d15a29a7d723363a56f721d1fdeb7f74e91b08c5194d36e12615459055126b63ed36bb6bde93650da3f3cd194eb6d9066d45e053121367ed38bb6bdc91751d8311fe94ca694d04d42b925b1d2b9bd0d0fee9bfba349da4f76d93f16af4a969b2d97d172856c5a15ad0b1b149208c26565464720975c42519f3a9c8d7f58948fac40f6d23c40d7f9dd32b25f239643ada148cc9d5146bfab4a87d5a0fb6a1e00ebc64fc5a452a226c8658458ad5b56b56b5aced528927bb80083a0838f36c94cac7339d7194a7369f397afd34247d52cfb6916de0ebc64d4ba3d41a24a43a9bb6f27db69c1e8b893bc1fce79352eb1507482a0d26cdb29f6dd70fa2da46f271e6d957958de6badb2a4e753e0af5fa0850fad58f6d42db80d780001a001ddde4c43ac4072e521e4d9c6556f5da707a4850de08c3afe56e4fa339c553c81f494546bb048d0f81bd3657dddb861c61f65450e34e20a56850d6083a41ec3f9bd871f7de50436d3682a5ad4750006927b061d7f24b27d79ae269e00fa4a5235d8a4e8601deababeeedc64c43a3c06ec54194ddc7956f5dd70fa4b51de49eefe8e291944a4d9bae535096e4676ce947aaf0ec569dc46294729f265a2542ad4b6d4be8d1bde6b4adbd1ace94fdefcdb4a3931932e90a356aa36a47488decb5a16e68d47427ef628e2af94494d9cae54909724676de887aac8ec4e9de4f78490524588234118a79c90ca37aebfa4294da52d3ab3b5e634215a7594e6abb7193aaca3a03449156a3254f21281b5d6ad9edf6dc11db81623411f99c5c9d006327559394074826ad594a99429076b4d5b3dcecb003b714f395f946cd97f48555b4a9a69636b2c694274ea2ace576e120240b0006803bc5170758c64c0a0571db9fa568c131dc52b7b88b746e76dd37edc18f973486eea48863a19c94fde6147d23ee28f86295329b398514bb1a5b0a69d41dc52a008fcc74a99529cfa825a8d11853aeacee094824e0c7c86a43965284c1d34e527eeb093e89f7d43c319302bf5c6ac7e95ac84c8712adeda2dd1b7d964dfb702c06a1de5643526b68cdcd4392181d337ee3a2cb4fc08c65cc9a33a6ea4d3aae93223df725d4d9691e2178f27936753dab9351a48f3c8f9bbc947a481ef2461252b49b292a1620f68feda92a5a8d92948b927b063c9e4d834f76c4546ac3cce3e6ef057e92c7ba938cb9935974594aa7521263c7bee53aabad43c023190d49a22337356e476074ce7bee9bad5f127bd0f26d479929608f3d659f37940efe95bcd51f8938f28751a33a6e510eacd094cf807139ab03c42b19251b29e237721ea24a4baa23f44bcd73e4938c9aaa51e420d8b53a238c2be4b03fb3e4d552b12166c1a8311c7d5f24038c928d93111cb12f56e525a501fa246739f348c7943a8d65d162b8749684567c0b8ace591e0138f26b478729000f3d799f38944efe95cce50f811deb5160d4a32c594ccc8e879047baa0463c9843a5c872e4bf487570d40efcd41ccfd9c794eae5289b9433508cdcb40ecce4e62adf3c65264be50342f9a9e9dc8ae91e0b494fed63c9055e5b68bdd74e537307c9a513fab190b9414b29d7e774d79a1f35240c02923410741ff260a89d000d27190b941542ad5e694d79d1f34a48c791fabc442b52ea4a6e18f93aa07f56329325f27da36ce4f4ee4a740f042427f6b1e53ab95522c56cd3e3371107b33959eab7cb1e4c21d52437621fabbab98a277e6ace67ece28b069b1902c9661c7432803dd4803bde425693a0a542e0e3203272a215afcea96c387e6a49c7913c97ce3acb113a03f36ca71e4d1514abfd1aa92916f0facc53b29a2dc68e86b0a36ff1a558ad659302ff00f7834ad1bb4b58cafcb340dde731cffed632bf2cd63779cc71ff00b58ad6593e2fff0078349d1bb4358a76534ab0d3d356142ffe04a71e4d1528a7fd26a92977f1facc7913c97ce1a8bf13a73f370ab19019394e09d5e6b4b61b3f34a46109424680948b01ff00f11a40005c93b3196cc552acd68fa2e91697233b728a4e623f12863262164a4355d299b2ed2e691bc023a341f82bc71e56b29155bd45f766a9c42937be6169576ca3eee6db192f987420d6e8c8b8f79d8e4e8ed283f8719634cae45201579abc0b8d762db365a0f6280fcdf9634ca1c50094f9d3c038ef621b175acf6241c64be79d2815baca2c3de6a383a7b0acfe1c795aca44d6ce80fb5354da129bdf30349b3611f7736d8c9b8395b09364aa5c6b439a06f3605b59fc29f1c658b745ab3b6029b5a0223a54762144f46bfc2a27b30a0a4a85c106e08eed6b506934f8e92a764cc7d2cb481daa510314a919695245d225926353d0adf9e467b83dd4807dac65a3d4da43a48fa2a9178b1b3772b34e7b9f8d471acffd8ca0a851aa2c1ce6e54290a65c4fc5245c761d18a146cb0808b24ce6088b3d29de6c3a370f88493bf196d1e9f5676c3e8aab5a249cedc90a39ae7e051c1b83f9a4d80c65b47a8559ab8fa2a93697273b72824e6b7f8d431428d91f0177489cf912a7a93bc5c746d9f00a237e3282a159a8be739c9536429e715f151361d8347fd9cb8932e94d11ff00d2aa84ca8a53b92951ce6ff014e282fe484f5d9267c6ce93014779b0e91b1e2143b719454facd3dd00a24c290979b3d9749363d874f7639594ea14045ececc7820acfb284facb3d8904e3258c95e940ad565052d8fbcd4706e7b0ac8f77196752ad3d9c4a1b7dd21867b1b6936420780ff00224820dc11b0e32f654fa63561f46d5bfa647cddc9cf39c81eea8632266d0649b2573e947cea313bcb66ce207867e32fa915924025866404c847bcd2acb4fc47e65cbea3d18804861e9014fafdd69375abe03191336bd245d289f553e6b181de1b177163c733197b2a0531db8fa3693fd0e3e6ee5661ce58f794704924dc93b4ff0091cb0a9d0a5820a8c57ca50e762db3e8ac76281c64c74a9d0835ba3b7650fbcec726c7b4a0fe1c657d3ab9108057e6ce82e344ec71b365a0f6280eeb72aa9f43a7b77b3b2de092b3eca13eb2d5d8904e327c348d28fa7aacd5d47ef331f50ec2b3f87195351aed41c26ef4c7caf346e40d484f62401fe5a5bd16434739b79970a1683bc286918cbd72bd01ab0f33ae37e769cd1b0386ce0f82b1e4de7531d360b994678486bc7a2733543e0a563ca951d12ddd50ea0e799bf7dd9aee6dcf85f0e25c6d62e9524dc11bc11fdb5c4b6da05d4a51b00379271e54a8eb96d6b874f73cf1fbeecd6b3ac7c6d8f26f3aa6e0b844cacbc23b5e3d1379ca3f1527197ae50603b71e67436fcd139a761705dc3f15625bd2a43a739c79e70ad6b3bca8e93fe5b28aa145a947376e4c27d4d2c7612358ec3718a17d2714591f4e531b089091ed3ac684afb4a334f61c656d3eb714805623b9f5ac93f65c6cd9683d8a03ba9ad42a4d362a4ade9531e4b4d2076a946df0c525354922ed9af545a298e93bd964d94bec2bb0ec38ca99f5ca8384d9c94e9525b1eca11eaa13d89007f64f29594347420e86589cbe87e2da8941f96235032ad840b132a2f9b3e47bec902fe2938f2715da3ace85bd4f7db98d83becacc55be78f2af4fa7bce5bea6aadb90d40ee25c484fc8e329a95566942e170a636f8f9a09fecb94d4aa4b49172b9b31b607cd6463cabd3ea0f377fa9a536e4c513b816d253f338f2715dac2c6843d507db86d93bec9cf55be588d40c946162c0c58be72f81efbc48bf82463ca5650d610b3a597e72fa1f83692103e5fd93292a144a9c73744886f16d446e501a149ec20838a4746a366d39414c67d13dafb03576a91fe1c650c0acd3248bb72a1bc1c41ec36d47783623ba5584a120a94a26c001ac9382ce59e53b776d5e6eeff00408abff58f0f5c8f6517ed231955226b685154780d1e8a1c61b9b68681ef1ba8ed3fdaaa12a13c9370e47794da81f149071e5932a5a6d1a9a7a7aa4376dd9aee70c56a855c426dfd7e9480a3e2a68a0e3c9350a681eb2a14e7a3a8fc141631e4a328e1abed18b2d89007867661c2b2a696a3afa7a567a47c5b5abf763ca9222957fa4d3a5376f1fabc796ec974df507a5f427e4b031e59b23577df59607ef563ca9e48ad27514d6e3107f6f1e517263ff178ff00f5e3ca2e4c7fe2f1ff00ebc7953c914246b2aadc6007ede3cb3646a2dbab2c1fdcac796ec9755b58665f4c7e48071e549128a7fd1a9d29cbf87d5e159535450d5d052b3127e2e2d3fbb1e4a328e62bec9952d88e0f8e6e79c7926a14207d554d9cf4850f8242062b542a1a157fea14a4150f053a5671e5932a5d6d7ada667aa3b76dd9ad668c54254d7946e5c90f29c513e2a24ff6aca9954c74905f8f7cf8d2523ecbad1f4563b6d71b08c36ce46e513966d3256b269d297f75c3a5927d95e8fbd8750eb4e24290b428292a49d4411a08ee8abe8f3e75055129316ce4c927666a2fe8a7ef2ac9edc485e4ae492c948a5c174872423ffc87458afdd164f61d7f9900c247cb00600c247cb007e6498aca3c944a805d1a7ba48693b4c7734968f6694f662ba966a8da02a5d1a610dcc60ed39b7f4d3f79371bedabb9f9ec428511b2ebf224381b6da40d6a528e803c7086e53e339a7b2964377690751f366d5eb9fbead1b81d78acccaad4e6acb9225cb78b8eb8a3bd47f76a1d4faa4aa6d461b81d8f2a2baa6dd6963514a93a46084abd1698ca68ed683b079d369d5fa440f14edc54a35429f2db0ec79319d4b8d3a83a8a549d047739560ed51f41541a345505cb9476593f6117d6b558789d189eaa464cb6e6745a14370861206a53a75bcbed5681b00ea9d40d4b279d733a650a6384c6706d537b5a5fde4fc41c55131eaec202a75165a8265c63b4dbeda2fa969b8df63a3b99504a52095289b0006d38762d7328519ccc9ac9b390a0ab510dec79c1bfd41f7b562b52ead559ee17244b94e95b8b5789d43701a06ceaad665d2aa905c0e479715d2db8da86e2366f1a8edc488d46afaf3598b5c00370e72b500f6c65c3bfd43f775616148500a4a81b820ea20f72d5e8b49a4c14673b2242ec09d8948d6a51d8917270a97937914a25b7085664ca9a77baa1ea367fcd83a7ed13a8756172b29322410da02959f329a9deca8fae81fe6cfe123562bd16ad499c8ce6a4475dc5f6a5435a5435149b11dca4df39aa4942be8da3475832662c6db7d8403ad6740d973a31522d53e3ad5f47d223a888b0d07d94fda5db5ace93d834756ea25ea7485a7e91a3c8513166206f4fd95db52d3a4768d1897e6f538a94fd254790a024c359ecfb682752c683b6c747724a8d5dcbb75b213142b398a6dc6872411f6b686c693b6c35d764d5aaf3d79ef487d57d1b1291a9291a824580eaed764d26ad0579cd3ecaad71b50b4ea5a0ea2937070a8f41cba65b01c84559ac542c34b9189dbb4b6748d971a7b90a9352abe3398a9575a216d403a94db0752ddd855a93b2e754b7a54a92e29d79f79656e38b51b9529474924ed3d5f98f449715c4bcc3ecaca1c6969370a4a869041db8a8b30b297d1629d59708433523a92874ea43c77ea5f61d07b8c790d34d24ad6e2d41294240b9249d0001b71555b34a19d1eab940c28a572f629a8ea1a52dec2bd6ad42c3493727ac24820dc11ac1c5614e442531e919432177533b12cc951d69d412e1d5a95a348712b42d2149524dc107510768ee2a633121c46d4f3efbcb086da6d22ea5294740000d789ef43c8c6945a9d506c943b57503a40da963b35af59d1a3acb53765e49a8a58a7555c256ed289d010b3ad4c7eb46cd1a0496a44690da5d65e696148710a170a491a0820dc11dc44f620c084d29f9325f7021b69b48ba94a51d000189b221642c470a5d7524a1cac2d27d75ed0c83eaa0ebd67601d6698fcdc897dc0dc496b256e51d44ecdaa62fad3f6758da312d9970e5b497987d9585b6eb6a174a92a1a0820ebee1a7330e143694fc890fac21b69b48ba94a51d0001894fc4c8480f7d63a0942eaeea4e871636340e94a4ebf58ec03ad150764643cc77323497095ae8ee28eb1b4b24fac9fb3eb0da0ca6a4c592da5d65e696168710a174a92a1a0820defdc2486d86184171d756a09421005ca893a00034df151719c8984ee6cc96d9295561d49d7bfa0491e88fb47d23b075aea6b7323a6381ba74f79454690ea8faaa3fe609d63ec1371a2f8750eb4ea42d0b428292a49170411ac11b7b8250000b924e8031552327a33859add523afff00b8b893a586d43fb9046923d72370d3d6caa95519f5062835590bfea4b27d18cea8ff00744e84a8faa746a22c6e0ea3dc0d5889ee02c651d523aff2093ae234a1f6cfdb2350f475936eb7556f5565018c9faa485e99680344575475b807a84fac05b5817ebfcf42b2e2b2c1e91e6d409a4c650b74a773aa1ea0d9eb6ebbcb75d75456e38b515296a26e49274924edeb7bee30fb0b4b8d3ada8a54858370a046904117be2736de5dd158175a884fd2b1922dd327fd60fb607bc34136ebea999794f540b62894e52b4b8edb4bcb1ac368b82779b01af1537aa155aa3eb932e4bcaba9c7146e4f60d806a00003ae3547a9d56a53e993164b4ab290b49fd60ea20e8209070a662651534223d729c15a597ada1c40d65b5d8949d9a41d23af933cde9d4c6b38205ba490e9d0865b1b56a3a00f8ea070f90e4957470e22544b50a302731947601aced2493afae6f15164f453a12944353631233da5f8eb076100e268914eaa3416126d9ec38342da706c5a4dc11f1d4475ea4b71e2c66d4f3cf3aa09436848ba94a274000026f892eb791193ceadaa5337204b7352e52c6f56a483a93da4f5d6538e643e50ba86ea2ddc9109ed499481d9a9606b4f6818928911a4b6975975b50521c4285d2a491a0820837ebcd4c85280394d2d95ea1ad30c11f052fe09de3aef52fae681564c4b797eba06954324ed1a4a3b2e9d83af0f34e6565782e25123920942ade9c950f65b041ed5148df896eca9931d5bf21f75454b75c51ba94a27592493d7798ec49b09e4488efb4a295b4e24dd2a491a88201c3cd379574308895c8c9b02a5dbd09094fb0e004f628286eebb4f443a552232e54978ec4a46a036a89b0036920614b698755d05321155d30e2249e8db1dbb5476a893d7952dd8a9508f54841564cc86a233d07ef0f59276280c4f44da4d5e322545793f690a1a88d8a06e08d8411d75a96750f27df0bad3cd2fd197393a9ab8d696b6ef593ec8ebdd47368b5e78b94379d57a31671d6cdcea4bbb3ef8fbdd74968195b94417068addfd268dbeb2491b9b0746f5148df8796ebcf2d4e38e2d5752d44dca893ac926fd7b7d6cbec2d2e34e2159aa42d26e1408d44100df129072b327c220d69bb80a7556fab9006e700b9fbc143775ca6b50e9f4d8ee4a9521d364b4d21254a513d801c29c6e96da8c3a34559feaf0d04e668d8a5695abb55d9d7d53ae521f22156a220e87e1ac8ce36daa41b2d3da9b6d3898dcba7d463b72a2bed9ba5d69690a4a81ed0475c6a1693504a26e512da5694317bb518db6a88cf50f64277f5fe7de5d310b9b93cb715a5c8d7bbb1c5f6a09cf48f64abd9eb82d258a5472a65926c644856869a4f6a9640ec173b313152aa95a96e4b92e28fda51bd86e4816006c0075fe5aa35528b2db9719c0746724e949de922e08da09c2d3d055a305bac855cc790343ad2bb52b047858edeb7cecfa26483857502dabd1915222c41de1a49cdf794bdddc0cecca2e56b9d2534b8af458a9016091b83a919bef253bfadce366aae23cc68eca8fe526b80841b6d091759ec4f6e24b9225cb756fbef386ea71c51254a27692493dc0c95c7970de43ec3cd9b29b7104292a0778201c38d8a9a5bf32ac3293f929ad801cd1b02b42c762875b6674993f90e5709198aba1f9c6dd3b9b8e6901b1eeab7f70733a3c9fcb8288873d564333c7e41cecceb96cfbc9ddd6c7909accb47d1b46413a4cb741095db72139cb3eef6e1d5baf3cb2e38e2cdd4b5137249da493dc1bcb65f616971a7106ca42d26e140ec208070ea15588c8fa3ab2d83a5131a002956dcb19ab1ef7675ae674943c864aa210855d0ecf558bebedcdb25bfc2adfdc2cce8e8b97284c5485aac96e7a2e5857e2054df8a93bbad4e204c8b18c7a6b6a3f959aefa2ca6db6ca39c7b1271216fca96eadf7dd59ba9c7144a94a2779249ee1642e3cb86f22430ea0d94db885052540ef040385a3cea5c60c545b49fc94c6fd1793d9e90ce1d8a1d6993785936d8a854c24e854d753e820fb8d9bf8b87b87959b13289b352a585ab4266349fac40f7db17ff67d687837028505e9cf126d708492123b49b01da461e2e542b939e9cf926f652d44e68ec02c07601dc3bc5ba850a73539820eb28502527b08b83d84e1d0e40aec16673041bd92b4839a7b41241ed07acf2b366654c8f3e9e949d221307d149ec5bb6e19ee265674dc947fcee025474982fa89207621dcee20eb31000d249c49e9a990a41a552ec6e9f368e4a0287bcacf5fe2ee26496a97507fe88a9dcd93e6f2084671f75798bfc383707acaf86aa5323fd154dd363e7322e80a1da94952ff000e0924eb276f7124823482361c3e1da9468df45d4f4e9f3a8fe8289ed50095fe2eb2c8bb3478eaac541093a3a77bd16927b436147fda771726cd55184d6a9e851fef9ab21e48ed282857e03d64752db2c214e38b51b04a40b927c00c38a53555a9baa8a09f56320e6329f83694f716e14b54ba93465006d9d196731e49fc0a561c4b8d3c90b6d69370a4917047c3ac723a1a8565a4d121106cae9247a2b23c1be90fc3b8d7fa59f4860d12712ababa58d64249f16fa357c7ac6f5dba74772b53500ff7ae92db40f684a5c3f8fb8d7ac89cc355b84827fbc6cf46f01e295367f0f58dfe9627d22b8308dee3cde3fd5208ec39855f8bb8d7cb50d7504d3e69be8f3791f54bbf60cf0afc3d627021da6521f54737b7f485a731a03f1a9385152d44a94a3ac93acf71ab295a085254358234838702dcaad223b8f9bdecfa5398e8ff001a55d617b35eca8aba56ea41d263c64e7abe19ea6be5dc7bd9cfe4ad5d45a493a447923a44fc33c3bd617b398c95a3b685a41d01f904babf8e6745dc7bd9ac653d19610927417e3a8389f8e6177ac06c061ccf6a756a4a5837bfd4b6ae8dbfd8427b8f7731a875a8e8906f6fa8755d1397fc0b5635757dccc5526892e436aff581a5047ed14e1454b592a513b49d67b8f514ad0429246c2348c38166af458925c37bfd616939e3e0ace1d5f7731eca4a944a6017d2519e5d5fea6adf1ee45ecf7b276a33296a04e94a33fa547ecba3e5d5f734a9732acf22fb004b4d93f373b9173f26e43ab3282762829a708ff0b7d5f7739bc9fa2c3876bfaab5e73caff983b917731bafd12644b5f42968cd793ff2d5d5f733d06bb223366f7f4193d0a47c9bee45ccc6fe9c6223a6f6f41fbb2afd4e757880dc38ee48593a825092a3fbb0a2a72a131f94a27592e2ca8fefee45452ba7cd625248d60b6e057f2c105b96c36fa08da952411fbfababcc546c9d9d987efa995253fad431b3b925e72e5e4f412b3f7d2ca52afd693d5d5e6aea1e69053dbd2496ee3fc20f726ace54044a82aece8e43800ff091d5d5d9554ca38a8237a5b6dd59fd607726bb9a5e51ca6c0dc95b6d39fbd47abaab79c55264a50de1b69091ff0033b9357f57aac49206e0e32a49ff0097d5d5e86a04f939bef38da6ff00b1dc9abd176040939bda971c4dff006fabaab88b93495db715c977fe91dc9aade759365cb6fcc92d7fd5d5d55fcd7276122dbaeb755fcfb9355849c9d9a9b5f5d96d2bf975741fa9a5539b173feaaffcfb9327fa4522a2d68fd1057fe9eae83f551a9cde9fff0055b3fcfb93bfd6c5a8a05b7f9ab87f975741198980837de21b5dc9a6f9e99e8f9c477abbed42fe11aee4fda9bfc23bd5df6a17f08d7727ed4dfe11deaefb50bf846bb93f6a6ff08ef577da85fc235dc9fb537f8477abbed42fe11aee4fda9bfc23bd5df6a17f08d7727ed4dfe11deaefb50bf846bb93f6a6ff0008ef577da85fc235dc9fb537f8477abbed42fe11aee4fda9bfc23bd5df6a17f08d7727ed4dfe11deaec579692a856296c907fa2358852384ae58852384ae58852384ae58852384ae58852384ae58852384ae58852384ae58852384ae58852384ae58852384ae58852384ae58852384ae58852384ae58852384ae58852384ae58852384ae58852384ae58852384ae58852384ae58852384ae58852384ae58852384ae58852384ae58852384ae58852384ae58852384ae58852384ae58852384ae58852384ae58852384ae58852384ae58852384ae58852384ae58852384ae58852384ae58852384ae58852384ae58852384ae58852384ae58852384ae58852384ae58852384ae58852384ae58852384ae58852384ae58852384ae58852384ae58852384ae58852384ae58852384ae58852384ae58852384ae58852384ae58852384ae58852384ae58852384ae58852384ae58852384ae58852384ae58852384ae58852384ae58852384ae58852384ae58852384ae58852384ae58852384ae58852384ae58852384ae58852384ae58852384ae58852384ae58852384ae58852384ae58852384ae58852384ae58852384ae58852384ae58852384ae58852384ae58852384ae58852384ae58852384ae58852384ae58852384ae58852384ae58852384ae58852384ae58852384ae58852384ae58852384ae58852384ae58852384ae58852384ae58852384ae58852384ae58852384ae58852384ae58852384ae58852384ae58852384ae58852384ae58852384ae58852384ae58852384ae58852384ae58852384ae58852384ae58852384ae58852384ae58852384ae58852384ae58852384ae58852384ae58852384ae58852384ae58852384ae58852384ae58852384ae58852384ae58852384ae58852384ae58852384ae58852384ae58852384ae58852384ae58852384ae58852384ae58852384ae58852384ae58852384ae58852384ae58852384ae58852384ae58852384ae58852384ae58852384ae58852384ae58852384ae58852384ae58852384ae58852384ae58852384ae58852384ae58852384ae58852384ae58852384ae588af2121536e54d9007f4477abb19a5a8eb2a4024e20c7e1279620c7e1279620c7e1279620c7e1279620c7e1279620c7e1279620c7e1279620c7e1279620c7e1279620c7e1279620c7e1279620c7e1279620c7e1279620c7e1279620c7e1279620c7e1279620c7e1279620c7e1279620c7e1279620c7e1279620c7e1279620c7e1279620c7e1279620c7e1279620c7e1279620c7e1279620c7e1279620c7e1279620c7e1279620c7e1279620c7e1279620c7e1279620c7e1279620c7e1279620c7e1279620c7e1279620c7e1279620c7e1279620c7e1279620c7e1279620c7e1279620c7e1279620c7e1279620c7e1279620c7e1279620c7e1279620c7e1279620c7e1279620c7e1279620c7e1279620c7e1279620c7e1279620c7e1279620c7e1279620c7e1279620c7e1279620c7e1279620c7e1279620c7e1279620c7e1279620c7e1279620c7e1279620c7e1279620c7e1279620c7e1279620c7e1279620c7e1279620c7e1279620c7e1279620c7e1279620c7e1279620c7e1279620c7e1279620c7e1279620c7e1279620c7e1279620c7e1279620c7e1279620c7e1279620c7e1279620c7e1279620c7e1279620c7e1279620c7e1279620c7e1279620c7e1279620c7e1279620c7e1279620c7e1279620c7e1279620c7e1279620c7e1279620c7e1279620c7e1279620c7e1279620c7e1279620c7e1279620c7e1279620c7e1279620c7e1279620c7e1279620c7e1279620c7e1279620c7e1279620c7e1279620c7e1279620c7e1279620c7e1279620c7e1279620c7e1279620c7e1279620c7e1279620c7e1279620c7e1279620c7e1279620c7e1279620c7e1279620c7e1279620c7e1279620c7e1279620c7e1279620c7e1279620c7e1279620c7e1279620c7e1279620c7e1279620c7e1279620c7e1279620c7e1279620c7e1279620c7e1279620c7e1279620c7e1279620c7e1279620c7e1279620c7e1279620c7e1279620c7e1279620c7e1279620c7e1279620c7e1279620c7e1279620c7e1279620c7e1279620c7e1279620c7e127962334850d4528008ff00cdafff00ffc4002611000104020105000203010000000000000100021170316012214041505130801020c0a0ffda0008010201013f00ff00647f12b8ae2b8850140fef01405c42e2b8ae26da8941a571503b580b8a2d2a22d28941a8340ef4b4145a888b3434941a3d196845a45921a8003d3900a2db1435011eac8945b60804a000f5e4028822bdca0dfbeccb7e2c57404a023da912888ae037efb92df95ae5011eec8947a56404a023de912888ac00958f7f944455c04e864455804e8a4455404e8e4455004ac68e7aa222a6ca023492251e952b44696e13523479d35c3cd4404e9e445420469e44d40d1e75170f34f013a99114eb446a6e134e012755220d36d1035570914d012757220d32d1d35770e94c0ebac9e94bb46b2e14b8e83593d452c049d6c8834ab46b6e14a8e835b3d45283a9d74f4349b73aebb349b75d752631ae9c7ec10cebe7348b73afbb348b75f7522dd7dd48b75f7522dc6beec522dc6beec522dc6beec522dc6beec522dc6beec522dc6beec522dd7dd48b75f7522dcebeecd2233af9cde069218d74e2936e35d762936ebaea4c675d39fd8469e9adb8f4a55a7aeb6e3d7f619a7a6b2e3d2976983acb8c9a60191ab93029969f1abb8f8a6819d5498a6da75571a7019d4c98a75a6353719a79a6751718a7c18d4499a81a7c69ee3e2a20674d262a3061033a5930899a9018d2c99a99a7c692e3e2a869f074771f02aa699d15c62ac06743718ab83bee825df2b00efbefcbbe5641d1ef4ba6b4061033ee49844cd6d841d3edcba166b90e840cfb3261174d780c20efbec4bbe2266bf061074fad2e844cd861c42041f524808b89b1c121077a52e449365cc20efaa41efe4045df14cda0090b92e43b9e417244936bc95c9720b90fcfc82e4172526e09525722b915c8ae45722b915c8ae454953ff11e0128354045bf1447af8941bf54045a8822b70d4001fd8b51047ab00941bfd880516d661bf5447e220145aa23d2c4a0d4001f8a2516fc58ab837ea88fcfc422d50477f04a0d5c47605bf1445541bf563b480b885c541ede0ae2b88503b4ca2df95386ca023bb80b885c5715c4ae254150547f30a0a82b895c4ae2b8ae2140eec8945b15181283634d2d94445401bf7512df94e812808d4c894445341bf7572df94c06c6b25b34a812808d6c8944452404ac6ba7aa222900dfbb096fca3837eec65bf28c0236573668a02367709a2008da5c26860236b70f3423479db5c3cd04d1e76f70f340344ee2e11bf012b1b9111be012808dcc8958dec08dd489de9a3ceeee1e7780277922377023792277668f3bdb879dd009df488dcc08df489dc9a3cefee1e77002562802236f68f340b86dc049a0c88db5a28370db009a1488dada3a50ae1b50126872236968f343b879fd5868a25c367020512448d980934591076568a2dc3ceca3a0a2c891b20cd1aee87636d1aed8c741469ea3621d68f3d3616e68f767616e28f7e36118a3ce3601489d7db9a45d9d7db48bb5f6e2917635f18a44e3f538669339d75b9a4dd9d75b9a4dd9d75b49bb5d6d26ed75b49bb5d6e2937635d6e2937635d6e2937635d6e2937635d6e2937635d6e2937635d6e2937635d6e2937635d6e2937635d6e2937635d6e2937635d6e2937635d6e2937635d6e2937635d6e293763fd89fffc4002611000104020203010002030100000000000102116070003112412150514020301080c0a0ffda0008010301013f00ff00b239db390ce59cb391c738e7f9b9c739c8e72ce59c863bdb24b67219c8e39fcae7391ce431ded2240c2ac249fda091815808366950c2a27d185118142c92ac25fd382d81562957cc25fd582d815f6c12a6c249f5e091814f5e92d854fecc29b017ae8a9b097f6a0b6053d7055f3dc857dad496c25fdd82d80bd644b612fef416c05eb025b37eff00580bd5c4b40c17ab0968282f5512d0705ea825b0f983eb017a9896c25e120b602f5292f0b05aa451ea1a93d5444b43c17a84978782d5028f51149ea9e25a260bd3aa2f13496a7145845525c536a2e62a0b1a6945845d25c532a2e62e92c6982584641714ba8f51949ea973e6323c52ca2c23692e295546d34a9f26363c1a50ea3a3549ab51d4ea9356e3a9dd26771d1bff00608ea3e3548ab51f4ea91547d348aa3e9a455b8fa7748ab71f4ee9156e3e9dd22adc7d3ba455b8fa7748ab71f4ee9156e3e9dd22a8fa691547d348ab51f4ea9156a3e9d52263e29231d149ab71d4ee935475349ab51d4ebfd8456e369dd2aad46d3aa54f9bc5418c6521cd2ea0e23290c298218c5c0734ca8771748ee9a21a2a03d36a1dc5523ba70868980f4ea844d23ba78868880f4f90f1101aa050ee1e91dd444343407a8c87c3e217bc01aa421e160354ca1dc2523baa143b83a4775514b41425eac50681a43d5ca0d0101eb029f9efc27ed6452fef425ab421f086f7203e00d5b10f852dedc25f006ae4a5f19bd9b3e04b57843e14fb109c01abf201c208f5a01380016194838411ea40270240b1ca41c2923d28493812059643e14fcc208fde013813f7006b4080738e713fa789ce38c05afc4671ce2718ff007b1ce2738e7117030c619c467119c4671ce39c467119c4630c61ff0088f2a030ab1ce057dc77f5eed855f31ce05605035b956124ff0020ac0a07d59501855fc812302bed644b6157cfeb048c0ac707d29206156124ff005857dc05ead25b0abe66ff00bc123396383fbdc0ce58493f802bee3bd5455f337f91f028e72ce43f3f219cb0a8e3fe50afb53957cc25ff005b9ce4739672ce43390c718e31ff00cbe38c719c867219cb3967238e7f582d815f6a325b0978682d80bd4055f22215f69d25b0978982d80bd3455f22e15f69776c2a78c85366e9425b0978d82d80bd2454d1f0a7a40abe4842bed1c55f24615f68c25e4a14d4512f270a6a209794a4b50ca2f2b05a8451796a4f54128f52f49ea80516f1314979f12d3305e784b612f3305b0179d92f3505a74a3d4dd27a9c12d3905e6c4b612f3905b373551ea7693d4d145a7a0bccc979e82d3251ea7e93d4c096a041797a8bf8a0525a5c4b5060b896a8bd0692c6584b0a141712b51f342a4b4a89614382e252a3d50e93283448f32751ea89499392e689058c989614582e24aa345a4c94f9a2c169228b0a3525c48d468d4c8cf93468f06447c0a3c79121551e990ab747a77213ba3c480ea911a8fab548a751f552298fab748a771f3ba446ff00d4e3aa4c6a3aad5269d4755aa4d3a8eaa934c75549a63aadd269dc755ba4d3b8eab749a771d56e934ee3aadd26371d3ba4c6e3a77498dc74ee931b8e9dd26371d3ba4c6e3a77498dc74ee931b8e9dd26371d3ba4c6e3a77498dc74ee931bff00b13fffd9, 'dfjkhsdkfsdjlkfgbajkfdgbadfklgb', 2, '2023-08-03', 'approved', '');
INSERT INTO `blog` (`Blog_ID`, `Author`, `Image`, `Content`, `User_ID`, `added_date`, `Available`, `Title`) VALUES
(2, 'john', '', ' my first\r\n         ', 21, '2023-08-03', 'approved', ''),
(3, 'john', 0x323032322d31302d313820283131292e706e67, ' Trying out\r\n         ', 21, '2023-08-03', NULL, ''),
(7, 'hey', '', ' \r\n         new one\r\n', 29, '2023-08-03', 'approved', 'rqwr'),
(8, 'qwe', '', '0', 29, '2023-08-03', NULL, 'ADDING TEST'),
(9, 'qwe', 0x626c75652d73686f65732d32393530373439312e6a7067, '0', 29, '2023-08-03', NULL, 'ADDING TEST'),
(10, 'qwe', 0x626c75652d73686f65732d32393530373439312e6a7067, '0', 29, '2023-08-03', NULL, 'ADDING TEST'),
(11, 'Test', 0x6973746f636b70686f746f2d3437313731323732332d363132783631322e6a7067, '0', 31, '2023-08-03', NULL, 'ADDING TEST 2'),
(12, 'Test', 0x76616c7665333339362e6a7067, ' \r\n         dasdasdasd', 31, '2023-08-04', NULL, 'asdsadsad'),
(13, 'Test', 0x6272616e645f30322e706e67, '0', 31, '2023-08-04', NULL, 'ADDING TEST 2'),
(14, 'Test', 0x626c75652d73686f65732d32393530373439312e6a7067, '0', 31, '2023-08-04', 'approved', 'asdsadsad');

-- --------------------------------------------------------

--
-- Table structure for table `comments`
--

CREATE TABLE `comments` (
  `Comment_ID` int(11) NOT NULL,
  `username` varchar(50) NOT NULL,
  `Content` longtext NOT NULL,
  `User_ID` int(11) NOT NULL,
  `Blog_ID` int(11) NOT NULL
) ENGINE=InnoDB DEFAULT CHARSET=utf8mb4 COLLATE=utf8mb4_general_ci;

--
-- Dumping data for table `comments`
--

INSERT INTO `comments` (`Comment_ID`, `username`, `Content`, `User_ID`, `Blog_ID`) VALUES
(1, '', 'fsdfsdafdsf', 29, 4),
(2, '', 'kfsdlfsdf', 29, 4),
(4, '', 'fasf', 29, 1),
(6, '', 'fasffasf', 29, 1),
(10, '', 'done\r\n', 29, 2),
(11, '', 'HELLO!!!', 29, 7),
(12, '', 'damn\r\n', 29, 7),
(13, '', 'damn\r\n', 29, 7),
(14, '', 'damnok\r\n', 29, 7);

-- --------------------------------------------------------

--
-- Table structure for table `contact_us`
--

CREATE TABLE `contact_us` (
  `Query_ID` int(11) NOT NULL,
  `Name` varchar(50) NOT NULL,
  `Subject` varchar(50) NOT NULL,
  `Message` longtext NOT NULL,
  `Email` varchar(50) NOT NULL
) ENGINE=InnoDB DEFAULT CHARSET=utf8mb4 COLLATE=utf8mb4_general_ci;

--
-- Dumping data for table `contact_us`
--

INSERT INTO `contact_us` (`Query_ID`, `Name`, `Subject`, `Message`, `Email`) VALUES
(1, 'shelly', ' sdfdf', 'Hello', 'shell@gmail.com'),
(2, 'gale', ' sdsad', 'How are you?', 'gale@gmail.com'),
(3, 'kale', ' sdfsdf', 'Goodbye\r\n', 'kale@gmail.com'),
(5, 'rqwr', ' etgfwg', 'sdgg', 'bdimzantine7@gmail.com'),
(6, 'opbattle07', 'ALLO', 'Lorem Ipsum is simply dummy text of the printing and typesetting industry. Lorem Ipsum has been the industry\'s standard dummy text ever since the 1500s, when an unknown printer took a galley of type and scrambled it to make a type specimen book. It has survived not only five centuries, but also the leap into electronic typesetting, remaining essentially unchanged. It was popularised in the 1960s with the release of Letraset sheets containing Lorem Ipsum passages, and more recently with desktop publishing software like Aldus PageMaker including versions of Lorem Ipsum.', 'shreyashitamrakar@yahoo.com'),
(7, 'opbattle07', 'AI/ML  internship', 'dsadsad', 'test@123.com');

-- --------------------------------------------------------

--
-- Table structure for table `registed_user`
--

CREATE TABLE `registed_user` (
  `User_ID` int(11) NOT NULL,
  `User_Name` varchar(50) NOT NULL,
  `Email` varchar(50) NOT NULL,
  `Password` varchar(60) NOT NULL,
  `Role_ID` int(11) NOT NULL,
  `phone_no` varchar(30) NOT NULL,
  `join_date` date DEFAULT curdate()
) ENGINE=InnoDB DEFAULT CHARSET=utf8mb4 COLLATE=utf8mb4_general_ci;

--
-- Dumping data for table `registed_user`
--

INSERT INTO `registed_user` (`User_ID`, `User_Name`, `Email`, `Password`, `Role_ID`, `phone_no`, `join_date`) VALUES
(2, 'BellAccord', 'bdimzantine7@gmail.com', 'fc5e038d38a57032085441e7fe7010b0', 3, '', '2023-08-02'),
(3, 'lyrae', 'lyrae@gmail.com', '5d41402abc4b2a76b9719d911017c592', 3, '', '2023-08-02'),
(4, 'zack', 'grooves@gmail.com', 'e2ee808c594bc87414652e71d74585a3', 3, '', '2023-08-02'),
(7, 'Umanga', 'umanga.gurung@gmail.com', '56e4ae3b297a4423cb110267350a1f48', 1, '', '2023-08-02'),
(8, 'Rishav', 'rishav.tamrakar@gmail.com', 'b4a7927a2c39e8e653247e129314420e', 2, '9841650350', '2023-08-02'),
(9, 'Shruti', 'shruti.agarwal@gmail.com', 'eab6930b3c87b22874b40a0e52fe1ca3', 2, '', '2023-08-02'),
(10, 'Sankalpa', 'sankalpa.bhattarai@gmail.com', '62805dfd6e4513426537d812eca1292f', 2, '9840306048', '2023-08-02'),
(19, '8man', 'riffsandsolos26@gmail.com', 'd9d04738b2cf2d4c997020c039b7f2e0', 3, '9843921129', '2023-08-02'),
(21, 'john', 'john@gmail.com', '527bd5b5d689e2c32ae974c6229ff785', 3, '9876540120', '2023-08-02'),
(29, 'hey', 'hey@gmail.com', '6057f13c496ecf7fd777ceb9e79ae285', 3, '', '2023-08-03'),
(31, 'Test', 'test@123.com', '202cb962ac59075b964b07152d234b70', 3, '', '2023-08-03'),
(32, 'ss', 'ss@gmail.com', '202cb962ac59075b964b07152d234b70', 3, '', '2023-08-04'),
(33, 'Final', 'abc@gmail.com', '202cb962ac59075b964b07152d234b70', 3, '9841', '2023-08-04');

-- --------------------------------------------------------

--
-- Table structure for table `roles`
--

CREATE TABLE `roles` (
  `Role_ID` int(11) NOT NULL,
  `Role_Name` varchar(30) NOT NULL
) ENGINE=InnoDB DEFAULT CHARSET=utf8mb4 COLLATE=utf8mb4_general_ci;

--
-- Dumping data for table `roles`
--

INSERT INTO `roles` (`Role_ID`, `Role_Name`) VALUES
(1, 'Admin'),
(2, 'Moderator'),
(3, 'User');

-- --------------------------------------------------------

--
-- Stand-in structure for view `user_comments`
-- (See below for the actual view)
--
CREATE TABLE `user_comments` (
`Comment_ID` int(11)
,`User_Name` varchar(50)
,`Content` longtext
,`Title` varchar(50)
);

-- --------------------------------------------------------

--
-- Stand-in structure for view `user_info`
-- (See below for the actual view)
--
CREATE TABLE `user_info` (
`User_ID` int(11)
,`User_Name` varchar(50)
,`Email` varchar(50)
,`Role_Name` varchar(30)
);

-- --------------------------------------------------------

--
-- Structure for view `user_comments`
--
DROP TABLE IF EXISTS `user_comments`;

CREATE ALGORITHM=UNDEFINED DEFINER=`root`@`localhost` SQL SECURITY DEFINER VIEW `user_comments`  AS SELECT `comments`.`Comment_ID` AS `Comment_ID`, `registed_user`.`User_Name` AS `User_Name`, `comments`.`Content` AS `Content`, `blog`.`Title` AS `Title` FROM ((`registed_user` join `comments` on(`registed_user`.`User_ID` = `comments`.`User_ID`)) join `blog` on(`comments`.`Blog_ID` = `blog`.`Blog_ID`)) ;

-- --------------------------------------------------------

--
-- Structure for view `user_info`
--
DROP TABLE IF EXISTS `user_info`;

CREATE ALGORITHM=UNDEFINED DEFINER=`root`@`localhost` SQL SECURITY DEFINER VIEW `user_info`  AS SELECT `registed_user`.`User_ID` AS `User_ID`, `registed_user`.`User_Name` AS `User_Name`, `registed_user`.`Email` AS `Email`, `roles`.`Role_Name` AS `Role_Name` FROM (`registed_user` join `roles` on(`registed_user`.`Role_ID` = `roles`.`Role_ID`)) ;

--
-- Indexes for dumped tables
--

--
-- Indexes for table `blog`
--
ALTER TABLE `blog`
  ADD PRIMARY KEY (`Blog_ID`);

--
-- Indexes for table `comments`
--
ALTER TABLE `comments`
  ADD PRIMARY KEY (`Comment_ID`);

--
-- Indexes for table `contact_us`
--
ALTER TABLE `contact_us`
  ADD PRIMARY KEY (`Query_ID`);

--
-- Indexes for table `registed_user`
--
ALTER TABLE `registed_user`
  ADD PRIMARY KEY (`User_ID`);

--
-- Indexes for table `roles`
--
ALTER TABLE `roles`
  ADD PRIMARY KEY (`Role_ID`);

--
-- AUTO_INCREMENT for dumped tables
--

--
-- AUTO_INCREMENT for table `blog`
--
ALTER TABLE `blog`
  MODIFY `Blog_ID` int(11) NOT NULL AUTO_INCREMENT, AUTO_INCREMENT=15;

--
-- AUTO_INCREMENT for table `comments`
--
ALTER TABLE `comments`
  MODIFY `Comment_ID` int(11) NOT NULL AUTO_INCREMENT, AUTO_INCREMENT=17;

--
-- AUTO_INCREMENT for table `contact_us`
--
ALTER TABLE `contact_us`
  MODIFY `Query_ID` int(11) NOT NULL AUTO_INCREMENT, AUTO_INCREMENT=8;

--
-- AUTO_INCREMENT for table `registed_user`
--
ALTER TABLE `registed_user`
  MODIFY `User_ID` int(11) NOT NULL AUTO_INCREMENT, AUTO_INCREMENT=35;

--
-- AUTO_INCREMENT for table `roles`
--
ALTER TABLE `roles`
  MODIFY `Role_ID` int(11) NOT NULL AUTO_INCREMENT, AUTO_INCREMENT=4;
COMMIT;

/*!40101 SET CHARACTER_SET_CLIENT=@OLD_CHARACTER_SET_CLIENT */;
/*!40101 SET CHARACTER_SET_RESULTS=@OLD_CHARACTER_SET_RESULTS */;
/*!40101 SET COLLATION_CONNECTION=@OLD_COLLATION_CONNECTION */;
